PRAGMA foreign_keys = ON;


insert into User (Id, Name, DateOfBirth, Email, Username, Password) values (1, 'Pace', '1991-03-03', 'pkloster0@homestead.com', 'pniblett0', 'jbrrbZ');
insert into User (Id, Name, DateOfBirth, Email, Username, Password) values (2, 'Melina', '1920-01-17', 'mcollymore1@adobe.com', 'mkubiak1', 'HQCxZS');
insert into User (Id, Name, DateOfBirth, Email, Username, Password) values (3, 'Kirstyn', '1946-02-14', 'kantonucci2@last.fm', 'kbengal2', 'llR1AKFMDZ0U');
insert into User (Id, Name, DateOfBirth, Email, Username, Password) values (4, 'Odell', '1964-12-12', 'ohowett3@foxnews.com', 'okemmons3', 'yprGHpM');
insert into User (Id, Name, DateOfBirth, Email, Username, Password) values (5, 'Pegeen', '1943-08-06', 'plehenmann4@tamu.edu', 'pwarrick4', 'lhqzEvQN');
insert into User (Id, Name, DateOfBirth, Email, Username, Password) values (6, 'Roy', '1960-04-26', 'rferrand5@businessweek.com', 'rdowsing5', 'wtnvsKmDr');
insert into User (Id, Name, DateOfBirth, Email, Username, Password) values (7, 'Louie', '1958-10-27', 'lbastie6@guardian.co.uk', 'lmarle6', 'uscIgSK');
insert into User (Id, Name, DateOfBirth, Email, Username, Password) values (8, 'Stu', '1952-07-31', 'svasyukov7@oracle.com', 'swedlake7', 'C2te14n2JY');
insert into User (Id, Name, DateOfBirth, Email, Username, Password) values (9, 'Kalila', '1927-04-16', 'kedland8@admin.ch', 'kcathrae8', '9M9pztmkMD');
insert into User (Id, Name, DateOfBirth, Email, Username, Password) values (10, 'Tildie', '1913-08-01', 'tcoveney9@geocities.com', 'twebbbowen9', 'JYktp2iu');
insert into User (Id, Name, DateOfBirth, Email, Username, Password) values (11, 'Bevan', '1958-01-25', 'bcrocketta@hc360.com', 'bfingletona', 'R2PdmF');
insert into User (Id, Name, DateOfBirth, Email, Username, Password) values (12, 'Webster', '1975-10-29', 'wshepleyb@netlog.com', 'wdallowb', 'YeYGQI');
insert into User (Id, Name, DateOfBirth, Email, Username, Password) values (13, 'Rennie', '1930-12-14', 'relstowc@princeton.edu', 'risetonc', 'gN3KSh7T');
insert into User (Id, Name, DateOfBirth, Email, Username, Password) values (14, 'Marline', '1974-09-01', 'mmcginnisd@mozilla.com', 'mmaudlingd', '04aFmGGfS');
insert into User (Id, Name, DateOfBirth, Email, Username, Password) values (15, 'Dickie', '1923-07-23', 'dearde@kickstarter.com', 'diannuzzie', '1OOojG');
insert into User (Id, Name, DateOfBirth, Email, Username, Password) values (16, 'Tori', '1910-02-03', 'tkemetf@home.pl', 'tmacrorief', '2h9Khndi1Ov5');
insert into User (Id, Name, DateOfBirth, Email, Username, Password) values (17, 'Del', '1986-11-16', 'dferrerog@wix.com', 'dculleyg', 'ETGfWn');
insert into User (Id, Name, DateOfBirth, Email, Username, Password) values (18, 'Andreana', '1977-01-13', 'aospillaneh@indiegogo.com', 'afearh', 'iW8IbEX8');
insert into User (Id, Name, DateOfBirth, Email, Username, Password) values (19, 'Culver', '1955-04-11', 'creynardi@pcworld.com', 'cmcgiffini', 'qLM0p04V4Qq');
insert into User (Id, Name, DateOfBirth, Email, Username, Password) values (20, 'Fritz', '1914-05-23', 'fstonej@usgs.gov', 'ftonryj', 'aySQZ94RP');
insert into User (Id, Name, DateOfBirth, Email, Username, Password) values (21, 'Janna', '1966-05-28', 'jmokesk@businessinsider.com', 'jgrigorievk', 'Abxm3bbuIXkA');
insert into User (Id, Name, DateOfBirth, Email, Username, Password) values (22, 'Isaak', '1914-08-25', 'ibonsonl@patch.com', 'iglandersl', 'mbLjbLkZRFVM');
insert into User (Id, Name, DateOfBirth, Email, Username, Password) values (23, 'Noel', '1960-05-15', 'nmorrottm@bizjournals.com', 'nbalshawm', 'RA1wxpn');
insert into User (Id, Name, DateOfBirth, Email, Username, Password) values (24, 'Liane', '1953-04-14', 'lstariesn@bluehost.com', 'lpitkeathleyn', 'b5EUumkstgP');
insert into User (Id, Name, DateOfBirth, Email, Username, Password) values (25, 'Berty', '1959-03-08', 'bbeyero@phoca.cz', 'bsowteo', 'EqP6PMDXV');
insert into User (Id, Name, DateOfBirth, Email, Username, Password) values (26, 'Pauly', '1948-11-24', 'plathburyp@bluehost.com', 'pprewettp', 'lH2kGr');
insert into User (Id, Name, DateOfBirth, Email, Username, Password) values (27, 'Kissiah', '1973-12-13', 'kavrahamianq@arstechnica.com', 'kdavorenq', 'GeK4fb6Yhky');
insert into User (Id, Name, DateOfBirth, Email, Username, Password) values (28, 'Devin', '1966-11-25', 'dshowenr@amazon.com', 'disaqr', 'XHjnV8Fhw');
insert into User (Id, Name, DateOfBirth, Email, Username, Password) values (29, 'Gherardo', '1946-12-11', 'gmitcheners@tiny.cc', 'gfanstones', 'olZ2YeA');
insert into User (Id, Name, DateOfBirth, Email, Username, Password) values (30, 'Kathy', '1954-02-24', 'kgreestt@hexun.com', 'kalessandrettit', 'DwFme7XxxpdC');
insert into User (Id, Name, DateOfBirth, Email, Username, Password) values (31, 'Catherina', '1939-05-08', 'cbirtu@ning.com', 'cpickeringu', 'f5dCzMxcf99');
insert into User (Id, Name, DateOfBirth, Email, Username, Password) values (32, 'Linette', '1927-01-22', 'lbeniniv@google.nl', 'lmillichipv', 'jHTyWb');
insert into User (Id, Name, DateOfBirth, Email, Username, Password) values (33, 'Guss', '1915-01-31', 'glethebridgew@de.vu', 'ggillattw', 'DMz63gtv6T');
insert into User (Id, Name, DateOfBirth, Email, Username, Password) values (34, 'Manfred', '1977-09-11', 'mgallacherx@unicef.org', 'mstonhousex', 'oZM24n03lx');
insert into User (Id, Name, DateOfBirth, Email, Username, Password) values (35, 'Hildagard', '1923-06-19', 'hparkhousey@desdev.cn', 'hhuncotey', '7Ea5Zg7RkUxY');
insert into User (Id, Name, DateOfBirth, Email, Username, Password) values (36, 'Adrianna', '1930-02-15', 'aeasumz@delicious.com', 'awherritz', '4cSyNI05lg');
insert into User (Id, Name, DateOfBirth, Email, Username, Password) values (37, 'Eugenius', '1954-11-24', 'ejurisch10@spotify.com', 'econley10', 'qSXfQi');
insert into User (Id, Name, DateOfBirth, Email, Username, Password) values (38, 'Amara', '1955-06-29', 'asoigoux11@godaddy.com', 'apottie11', 'TjfV1id');
insert into User (Id, Name, DateOfBirth, Email, Username, Password) values (39, 'Cindra', '1973-02-13', 'cskurm12@adobe.com', 'ckesby12', 'sQigB53No7');
insert into User (Id, Name, DateOfBirth, Email, Username, Password) values (40, 'Fitz', '1950-03-27', 'fgiacomello13@w3.org', 'fsample13', 'JkaOSE');
insert into User (Id, Name, DateOfBirth, Email, Username, Password) values (41, 'Theodore', '1980-07-23', 'trudman14@independent.co.uk', 'tbachnic14', 'Yq9XFa');
insert into User (Id, Name, DateOfBirth, Email, Username, Password) values (42, 'Adelaida', '1985-04-25', 'aspinney15@twitter.com', 'aivanikhin15', 'T7uLko5N8h3T');
insert into User (Id, Name, DateOfBirth, Email, Username, Password) values (43, 'Aurelia', '1937-03-30', 'acloake16@51.la', 'achatenet16', 's6TlNN5mkLX');
insert into User (Id, Name, DateOfBirth, Email, Username, Password) values (44, 'Brena', '1991-09-05', 'bcryer17@sina.com.cn', 'bpetric17', 'iXFTWlkgOYeX');
insert into User (Id, Name, DateOfBirth, Email, Username, Password) values (45, 'Baxie', '1946-12-02', 'bmacchaell18@cdc.gov', 'bstobbart18', 'LtuJfbhPRC');
insert into User (Id, Name, DateOfBirth, Email, Username, Password) values (46, 'Celestina', '1977-09-07', 'cdjorvic19@constantcontact.com', 'chuddy19', 'nQe3TPotdakk');
insert into User (Id, Name, DateOfBirth, Email, Username, Password) values (47, 'Starlene', '1963-01-12', 'skennifick1a@reverbnation.com', 'sfairnington1a', 'c46QkCpgfl');
insert into User (Id, Name, DateOfBirth, Email, Username, Password) values (48, 'Myrna', '1965-10-07', 'mchastey1b@4shared.com', 'mcrumby1b', 'AHo06l4yEZ');
insert into User (Id, Name, DateOfBirth, Email, Username, Password) values (49, 'Gunar', '1927-08-29', 'gpaiton1c@craigslist.org', 'gbeckson1c', 'xjOi2HoHZ');
insert into User (Id, Name, DateOfBirth, Email, Username, Password) values (50, 'Dorotea', '1925-09-16', 'dcolbron1d@ucsd.edu', 'djennins1d', 'SZkF975Ao');
insert into User (Id, Name, DateOfBirth, Email, Username, Password) values (51, 'Farley', '1996-09-14', 'femptage1e@bing.com', 'fgrunwall1e', 'JTnJRmfJj');
insert into User (Id, Name, DateOfBirth, Email, Username, Password) values (52, 'Doria', '1938-06-03', 'dtrangmar1f@miibeian.gov.cn', 'dbinks1f', 'Km9YvRIZ9Ym');
insert into User (Id, Name, DateOfBirth, Email, Username, Password) values (53, 'Monti', '1931-11-14', 'mscrowton1g@dell.com', 'mgatward1g', '8LCFQXFbdvR');
insert into User (Id, Name, DateOfBirth, Email, Username, Password) values (54, 'Rhoda', '1951-07-04', 'rleakner1h@histats.com', 'rhuckabe1h', 'Gr78kYc');
insert into User (Id, Name, DateOfBirth, Email, Username, Password) values (55, 'Kristi', '1992-10-05', 'kpanniers1i@narod.ru', 'kpaladini1i', 'Bnp2QVym');
insert into User (Id, Name, DateOfBirth, Email, Username, Password) values (56, 'Lauri', '1914-03-12', 'lrizzolo1j@weather.com', 'lcopplestone1j', 'MvAMkg4GjVRd');
insert into User (Id, Name, DateOfBirth, Email, Username, Password) values (57, 'Loralie', '1960-06-06', 'lartis1k@ftc.gov', 'lbowskill1k', 'YmQalq2Hrjdb');
insert into User (Id, Name, DateOfBirth, Email, Username, Password) values (58, 'Gretna', '1985-02-02', 'gscholfield1l@sogou.com', 'grolph1l', 'BeiG6X2');
insert into User (Id, Name, DateOfBirth, Email, Username, Password) values (59, 'Norrie', '1957-01-03', 'neasey1m@weibo.com', 'nwinchcomb1m', 'pUnCLWeMln4Y');
insert into User (Id, Name, DateOfBirth, Email, Username, Password) values (60, 'Thia', '1910-11-03', 'tcarlaw1n@etsy.com', 'tantoszczyk1n', 'GKSmDYQoFEaz');
insert into User (Id, Name, DateOfBirth, Email, Username, Password) values (61, 'Belva', '1975-01-21', 'bbirwhistle1o@home.pl', 'bgentle1o', 'HaU41Xkd');
insert into User (Id, Name, DateOfBirth, Email, Username, Password) values (62, 'Yolanthe', '1994-09-21', 'ykhoter1p@wisc.edu', 'yguage1p', 'snyqgC');
insert into User (Id, Name, DateOfBirth, Email, Username, Password) values (63, 'Julieta', '1995-11-14', 'jjelliman1q@who.int', 'jdurban1q', 'TgVuR9U0JC');
insert into User (Id, Name, DateOfBirth, Email, Username, Password) values (64, 'Rudolfo', '1912-12-03', 'rrippingall1r@unicef.org', 'rstanlike1r', 'oEQla0urR2y2');
insert into User (Id, Name, DateOfBirth, Email, Username, Password) values (65, 'Marcelle', '1965-06-22', 'mdevil1s@samsung.com', 'mkeddle1s', 'zEiFZ3Qh9Tf');
insert into User (Id, Name, DateOfBirth, Email, Username, Password) values (66, 'Alicia', '1938-02-08', 'adarrington1t@washingtonpost.com', 'agaggen1t', 'oO42HffjLBC');
insert into User (Id, Name, DateOfBirth, Email, Username, Password) values (67, 'Emerson', '1920-04-18', 'ebluett1u@newsvine.com', 'ecareless1u', 'dl8FCY');
insert into User (Id, Name, DateOfBirth, Email, Username, Password) values (68, 'Ariella', '1925-11-15', 'adodshon1v@bloglines.com', 'acunde1v', '0IRfyPsTm');
insert into User (Id, Name, DateOfBirth, Email, Username, Password) values (69, 'Drud', '1974-10-13', 'dbynert1w@geocities.com', 'duzelli1w', 'ymeenZ');
insert into User (Id, Name, DateOfBirth, Email, Username, Password) values (70, 'Arden', '1991-06-28', 'avarcoe1x@prnewswire.com', 'agateman1x', '6qqSkjBnWU');
insert into User (Id, Name, DateOfBirth, Email, Username, Password) values (71, 'Knox', '1987-05-01', 'kpetr1y@php.net', 'kcherryman1y', 'enJcCxhdMoja');
insert into User (Id, Name, DateOfBirth, Email, Username, Password) values (72, 'Nikolaos', '1972-06-17', 'nthompson1z@t.co', 'nreams1z', 'vci6Wzv5G');
insert into User (Id, Name, DateOfBirth, Email, Username, Password) values (73, 'Pablo', '1959-12-04', 'pkindle20@blog.com', 'pjimpson20', 'p6ByYF7jEM7');
insert into User (Id, Name, DateOfBirth, Email, Username, Password) values (74, 'Edmund', '1966-11-02', 'egeater21@biblegateway.com', 'eohenery21', 'VZ5exq3l8tT');
insert into User (Id, Name, DateOfBirth, Email, Username, Password) values (75, 'Patrizia', '1971-09-27', 'pquick22@furl.net', 'pcobbin22', '6UgUHv5ErFn');
insert into User (Id, Name, DateOfBirth, Email, Username, Password) values (76, 'Orel', '1916-03-16', 'oivachyov23@canalblog.com', 'opesterfield23', 'X0kMRrG');
insert into User (Id, Name, DateOfBirth, Email, Username, Password) values (77, 'Sheryl', '1921-04-10', 'scourtman24@youku.com', 'shuxter24', 'dZwmHcW');
insert into User (Id, Name, DateOfBirth, Email, Username, Password) values (78, 'Neal', '1951-06-05', 'nrainon25@uiuc.edu', 'nludye25', 'kpKKSEc71EEZ');
insert into User (Id, Name, DateOfBirth, Email, Username, Password) values (79, 'Lacie', '1937-03-15', 'llorking26@dot.gov', 'lbindley26', 'DtBL87P');
insert into User (Id, Name, DateOfBirth, Email, Username, Password) values (80, 'Bourke', '1994-02-24', 'bbrydell27@exblog.jp', 'btremblett27', 'CTrR2GPC');
insert into User (Id, Name, DateOfBirth, Email, Username, Password) values (81, 'Ilka', '1994-03-21', 'iklemenz28@usgs.gov', 'iriccardini28', 'PJP61my');
insert into User (Id, Name, DateOfBirth, Email, Username, Password) values (82, 'Olly', '1966-11-24', 'ostelljes29@google.de', 'obreston29', 'wXkDzzOLg89');
insert into User (Id, Name, DateOfBirth, Email, Username, Password) values (83, 'Lucretia', '1958-05-17', 'lpavlitschek2a@wisc.edu', 'lbellam2a', 'hbVKvF');
insert into User (Id, Name, DateOfBirth, Email, Username, Password) values (84, 'Ellyn', '1978-05-01', 'eodegaard2b@example.com', 'escheu2b', 'b5h4kp1ZMKn7');
insert into User (Id, Name, DateOfBirth, Email, Username, Password) values (85, 'Luis', '1916-06-22', 'ldelacey2c@reverbnation.com', 'lseint2c', 'XE9sleoTwEsH');
insert into User (Id, Name, DateOfBirth, Email, Username, Password) values (86, 'Waylon', '1975-04-12', 'wstede2d@cpanel.net', 'wstoyle2d', 'V0pTrPjVLMz');
insert into User (Id, Name, DateOfBirth, Email, Username, Password) values (87, 'Giordano', '1985-07-07', 'gdolder2e@yandex.ru', 'gwyllis2e', 'uKDa86');
insert into User (Id, Name, DateOfBirth, Email, Username, Password) values (88, 'Ryann', '1910-05-17', 'rstout2f@cornell.edu', 'rstammler2f', 'cq20GV');
insert into User (Id, Name, DateOfBirth, Email, Username, Password) values (89, 'Brooks', '1975-03-14', 'bluto2g@csmonitor.com', 'bkrook2g', '8nzbKw');
insert into User (Id, Name, DateOfBirth, Email, Username, Password) values (90, 'Meaghan', '1945-09-02', 'mlille2h@cpanel.net', 'mkenzie2h', 'osDWK3p');
insert into User (Id, Name, DateOfBirth, Email, Username, Password) values (91, 'Nadine', '1924-09-25', 'nsparling2i@reference.com', 'nklesl2i', 'b5xxs4kl0FN');
insert into User (Id, Name, DateOfBirth, Email, Username, Password) values (92, 'Jemimah', '1987-12-14', 'jblew2j@flickr.com', 'jtrudgion2j', 'To6U023m');
insert into User (Id, Name, DateOfBirth, Email, Username, Password) values (93, 'Gracie', '1938-04-15', 'gclimer2k@ihg.com', 'ghobgen2k', 'QLS14QBa2B');
insert into User (Id, Name, DateOfBirth, Email, Username, Password) values (94, 'Sharline', '1981-12-25', 'sbartoli2l@digg.com', 'skondrachenko2l', 'anZBKEm51');
insert into User (Id, Name, DateOfBirth, Email, Username, Password) values (95, 'Nancie', '1920-02-18', 'ncroix2m@github.io', 'nleyzell2m', 'jDUy4T2tqMe4');
insert into User (Id, Name, DateOfBirth, Email, Username, Password) values (96, 'Stacey', '1939-05-18', 'sfinker2n@mayoclinic.com', 'sshawel2n', 'J5SuCT');
insert into User (Id, Name, DateOfBirth, Email, Username, Password) values (97, 'Paulita', '1938-09-10', 'pfavell2o@bandcamp.com', 'pblesli2o', 'GEqL0dBTb8Gk');
insert into User (Id, Name, DateOfBirth, Email, Username, Password) values (98, 'Klarrisa', '1939-09-10', 'kdominy2p@a8.net', 'kbriffett2p', 'UyA3PT3R2fQl');
insert into User (Id, Name, DateOfBirth, Email, Username, Password) values (99, 'Olivia', '1978-04-06', 'omaxsted2q@jigsy.com', 'oduthie2q', 'dHDt1o85OO1');
insert into User (Id, Name, DateOfBirth, Email, Username, Password) values (100, 'Biddie', '1972-11-13', 'brhodus2r@bandcamp.com', 'bkelbie2r', 'hLhHtvRfNc');
insert into User (Id, Name, DateOfBirth, Email, Username, Password) values (101, 'Jenda', '1927-02-09', 'jdreossi2s@imgur.com', 'jsandsallan2s', 'iRwTLTi0L');
insert into User (Id, Name, DateOfBirth, Email, Username, Password) values (102, 'Rasia', '1918-07-22', 'rsinncock2t@cpanel.net', 'rmackay2t', '7V6Tp8Iu5Bj');
insert into User (Id, Name, DateOfBirth, Email, Username, Password) values (103, 'Cyndia', '1929-04-06', 'cquiddington2u@wired.com', 'cboosey2u', 'fLk1uIuAC');
insert into User (Id, Name, DateOfBirth, Email, Username, Password) values (104, 'Duffie', '1975-01-16', 'dziemen2v@dropbox.com', 'dsamwayes2v', 'QYD7CbVIR2u');
insert into User (Id, Name, DateOfBirth, Email, Username, Password) values (105, 'Cleveland', '1931-04-10', 'cmacgruer2w@cpanel.net', 'clardeux2w', '0zLDOdaDvvSo');
insert into User (Id, Name, DateOfBirth, Email, Username, Password) values (106, 'Adlai', '1959-02-03', 'apetrovic2x@thetimes.co.uk', 'ariseam2x', 'OihdoL1KNe');
insert into User (Id, Name, DateOfBirth, Email, Username, Password) values (107, 'Dee dee', '1962-04-29', 'dgetten2y@vkontakte.ru', 'dsabattier2y', '1VTODga');
insert into User (Id, Name, DateOfBirth, Email, Username, Password) values (108, 'Mada', '1923-09-11', 'mgullefant2z@sciencedaily.com', 'mgehringer2z', 'BNqUd3Ac4o');
insert into User (Id, Name, DateOfBirth, Email, Username, Password) values (109, 'Urson', '1954-06-05', 'ubroadberry30@example.com', 'ulawn30', 'VlDJ0z');
insert into User (Id, Name, DateOfBirth, Email, Username, Password) values (110, 'Josephina', '1989-07-20', 'jhirjak31@friendfeed.com', 'jletts31', 'f8p6g2iq');
insert into User (Id, Name, DateOfBirth, Email, Username, Password) values (111, 'Cecilla', '1999-11-24', 'cpock32@tamu.edu', 'ccattle32', 'I2DrKUzevce');
insert into User (Id, Name, DateOfBirth, Email, Username, Password) values (112, 'Terrance', '1972-10-14', 'tsnoxill33@umich.edu', 'tmccullagh33', 'Fzg5r6Ujp');
insert into User (Id, Name, DateOfBirth, Email, Username, Password) values (113, 'Yorker', '1958-08-04', 'ybredee34@pcworld.com', 'yciccerale34', 'uxCPCJZI2d');
insert into User (Id, Name, DateOfBirth, Email, Username, Password) values (114, 'Bobinette', '1913-11-28', 'bpeskett35@gizmodo.com', 'bcloutt35', 'uy4cw1QEimSW');
insert into User (Id, Name, DateOfBirth, Email, Username, Password) values (115, 'Reyna', '1978-05-29', 'rcartmael36@360.cn', 'rmatijevic36', '1oySPmlk');
insert into User (Id, Name, DateOfBirth, Email, Username, Password) values (116, 'Suzy', '1973-04-16', 'sselbach37@slate.com', 'sasel37', 'kqdLcSMFF');
insert into User (Id, Name, DateOfBirth, Email, Username, Password) values (117, 'Matthiew', '1998-03-05', 'mdisbury38@ebay.co.uk', 'mbellingham38', '45k9HJu');
insert into User (Id, Name, DateOfBirth, Email, Username, Password) values (118, 'Julio', '1956-04-11', 'jwoof39@hp.com', 'jmcreidy39', 'UyvRf1ldkjq');
insert into User (Id, Name, DateOfBirth, Email, Username, Password) values (119, 'Orton', '1985-03-08', 'okiefer3a@acquirethisname.com', 'owhitelaw3a', 'tp82FD6');
insert into User (Id, Name, DateOfBirth, Email, Username, Password) values (120, 'Colleen', '1973-10-12', 'ckinsell3b@sakura.ne.jp', 'cmelpuss3b', 'WMa6gNwckmR');
insert into User (Id, Name, DateOfBirth, Email, Username, Password) values (121, 'Josephine', '1917-03-11', 'jgrassett3c@blog.com', 'jormston3c', 'O496kD4DN');
insert into User (Id, Name, DateOfBirth, Email, Username, Password) values (122, 'Leonerd', '1958-10-12', 'lturnock3d@ycombinator.com', 'lgodsafe3d', 'rZObrkpEApL');
insert into User (Id, Name, DateOfBirth, Email, Username, Password) values (123, 'Tiffany', '1936-09-05', 'trickaert3e@newyorker.com', 'tfigg3e', 'rGzjvTyakJXS');
insert into User (Id, Name, DateOfBirth, Email, Username, Password) values (124, 'Claudianus', '1944-09-23', 'cdeinhardt3f@diigo.com', 'cgopsill3f', 'wIoDuVLB8N3D');
insert into User (Id, Name, DateOfBirth, Email, Username, Password) values (125, 'Albert', '1918-05-13', 'asurgenor3g@businessweek.com', 'aglazyer3g', 'MizMGwXP5k3e');
insert into User (Id, Name, DateOfBirth, Email, Username, Password) values (126, 'Amble', '1985-05-28', 'aolagen3h@geocities.jp', 'avoules3h', '56Bkec6u9O7');
insert into User (Id, Name, DateOfBirth, Email, Username, Password) values (127, 'Amberly', '1947-03-06', 'abrandreth3i@is.gd', 'afitzgibbon3i', 'wioN1PuparI');
insert into User (Id, Name, DateOfBirth, Email, Username, Password) values (128, 'Jackqueline', '1995-08-09', 'jhodgin3j@techcrunch.com', 'jfrail3j', 'HMZEBm');
insert into User (Id, Name, DateOfBirth, Email, Username, Password) values (129, 'Burgess', '1929-12-01', 'bdearlepalser3k@eventbrite.com', 'bshaw3k', 'x1ml0VoSP');
insert into User (Id, Name, DateOfBirth, Email, Username, Password) values (130, 'Perice', '1944-10-25', 'psennett3l@i2i.jp', 'pshapero3l', 'LZNkI5Q');
insert into User (Id, Name, DateOfBirth, Email, Username, Password) values (131, 'Angeline', '1926-05-13', 'awretham3m@harvard.edu', 'ahassent3m', 'iwYD7aIlvZ');
insert into User (Id, Name, DateOfBirth, Email, Username, Password) values (132, 'Franky', '1962-05-30', 'fwooton3n@sciencedirect.com', 'fjagson3n', 'qootByQ5n');
insert into User (Id, Name, DateOfBirth, Email, Username, Password) values (133, 'Ariadne', '1910-02-15', 'apitway3o@t.co', 'adoodson3o', 'SpvNk5mUs');
insert into User (Id, Name, DateOfBirth, Email, Username, Password) values (134, 'Oliviero', '1977-09-29', 'osmooth3p@guardian.co.uk', 'ocoatsworth3p', 'FvKGBqeUNg');
insert into User (Id, Name, DateOfBirth, Email, Username, Password) values (135, 'Rozanne', '1978-01-21', 'rsavin3q@qq.com', 'rblonden3q', 'vYUQnxG');
insert into User (Id, Name, DateOfBirth, Email, Username, Password) values (136, 'Kelsy', '1940-01-30', 'kfivey3r@usda.gov', 'kpepys3r', 'LSzDxc0S');
insert into User (Id, Name, DateOfBirth, Email, Username, Password) values (137, 'Gamaliel', '1927-12-05', 'gcheesley3s@e-recht24.de', 'ggryglewski3s', 'WFjmBJ3');
insert into User (Id, Name, DateOfBirth, Email, Username, Password) values (138, 'Brittne', '1933-01-10', 'bkennea3t@addtoany.com', 'bpenn3t', 'GefU94S');
insert into User (Id, Name, DateOfBirth, Email, Username, Password) values (139, 'Nikkie', '1968-01-13', 'nblanc3u@princeton.edu', 'nerlam3u', 'DDec5ND');
insert into User (Id, Name, DateOfBirth, Email, Username, Password) values (140, 'Caren', '1992-04-27', 'ctrussman3v@seesaa.net', 'cnial3v', 'ySK4IC');
insert into User (Id, Name, DateOfBirth, Email, Username, Password) values (141, 'Jerrylee', '1993-02-11', 'jscully3w@macromedia.com', 'jfrape3w', 'gNIv3ZPFE0');
insert into User (Id, Name, DateOfBirth, Email, Username, Password) values (142, 'Kriste', '1913-08-07', 'kszreter3x@uol.com.br', 'kchick3x', 'dhH7IJbgj');
insert into User (Id, Name, DateOfBirth, Email, Username, Password) values (143, 'Rudie', '1947-02-09', 'rambler3y@qq.com', 'rrattrie3y', '0F9Rg0');
insert into User (Id, Name, DateOfBirth, Email, Username, Password) values (144, 'Pauly', '1997-12-13', 'pmarcombe3z@timesonline.co.uk', 'pskirvane3z', '9CBoFasC');
insert into User (Id, Name, DateOfBirth, Email, Username, Password) values (145, 'Aliza', '1982-03-24', 'atunny40@blogger.com', 'acolliar40', 'CXnL2V9QTsN');
insert into User (Id, Name, DateOfBirth, Email, Username, Password) values (146, 'Kurt', '1979-12-21', 'knuscha41@smugmug.com', 'khollier41', 'vnkGGtgk');
insert into User (Id, Name, DateOfBirth, Email, Username, Password) values (147, 'Ninnette', '1978-01-19', 'ncastleman42@xing.com', 'nsetterfield42', 'i5dk5hs1RY');
insert into User (Id, Name, DateOfBirth, Email, Username, Password) values (148, 'Caria', '1972-07-08', 'clamps43@engadget.com', 'cfogel43', 'VGrn9s');
insert into User (Id, Name, DateOfBirth, Email, Username, Password) values (149, 'Veradis', '1997-04-23', 'vellaman44@timesonline.co.uk', 'vreeders44', 'jOQVykasNfk');
insert into User (Id, Name, DateOfBirth, Email, Username, Password) values (150, 'Modesty', '1977-10-29', 'mgammon45@facebook.com', 'mgebbe45', 'Dpo6RQEaivI');


insert into Country (id, Name, ISO) values (1, 'China', 'CN');
insert into Country (id, Name, ISO) values (2, 'Australia', 'AU');
insert into Country (id, Name, ISO) values (3, 'Russia', 'RU');
insert into Country (id, Name, ISO) values (4, 'Canada', 'CA');
insert into Country (id, Name, ISO) values (5, 'Ukraine', 'UA');
insert into Country (id, Name, ISO) values (6, 'Greece', 'GR');
insert into Country (id, Name, ISO) values (7, 'Italy', 'IT');
insert into Country (id, Name, ISO) values (8, 'France', 'FR');
insert into Country (id, Name, ISO) values (9, 'Portugal', 'PT');
insert into Country (id, Name, ISO) values (10, 'United States', 'US');


insert into City (Id, Name, CountryId) values (1, 'Guoduwan', 1);
insert into City (Id, Name, CountryId) values (2, 'Shangjiangxu', 1);
insert into City (Id, Name, CountryId) values (3, 'Laoxingchang', 1);
insert into City (Id, Name, CountryId) values (4, 'Zhangfeng', 1);
insert into City (Id, Name, CountryId) values (5, 'Nanmu', 1);
insert into City (Id, Name, CountryId) values (6, 'Brisbane', 2);
insert into City (Id, Name, CountryId) values (7, 'Strawberry Hills', 2);
insert into City (Id, Name, CountryId) values (8, 'Eastern Suburbs Mc', 2);
insert into City (Id, Name, CountryId) values (9, 'Perth', 2);
insert into City (Id, Name, CountryId) values (10, 'Sydney', 2);
insert into City (Id, Name, CountryId) values (11, 'Promyshlennaya', 3);
insert into City (Id, Name, CountryId) values (12, 'Taldom', 3);
insert into City (Id, Name, CountryId) values (13, 'Tsimlyansk', 3);
insert into City (Id, Name, CountryId) values (14, 'Ust’-Dzheguta', 3);
insert into City (Id, Name, CountryId) values (15, 'Novopodrezkovo', 3);
insert into City (Id, Name, CountryId) values (16, 'Warwick', 4);
insert into City (Id, Name, CountryId) values (17, 'Pilot Butte', 4);
insert into City (Id, Name, CountryId) values (18, 'North Cowichan', 4);
insert into City (Id, Name, CountryId) values (19, 'Alma', 4);
insert into City (Id, Name, CountryId) values (20, 'Normandin', 4);
insert into City (Id, Name, CountryId) values (21, 'Andrushivka', 5);
insert into City (Id, Name, CountryId) values (22, 'Donetsk', 5);
insert into City (Id, Name, CountryId) values (23, 'Veselynove', 5);
insert into City (Id, Name, CountryId) values (24, 'Pavlivka', 5);
insert into City (Id, Name, CountryId) values (25, 'Manyava', 5);
insert into City (Id, Name, CountryId) values (26, 'Néa Palátia', 6);
insert into City (Id, Name, CountryId) values (27, 'Kolindrós', 6);
insert into City (Id, Name, CountryId) values (28, 'Káto Miliá', 6);
insert into City (Id, Name, CountryId) values (29, 'Koilás', 6);
insert into City (Id, Name, CountryId) values (30, 'Melíssia', 6);
insert into City (Id, Name, CountryId) values (31, 'Messina',7);
insert into City (Id, Name, CountryId) values (32, 'Napoli',7);
insert into City (Id, Name, CountryId) values (33, 'Bologna',7);
insert into City (Id, Name, CountryId) values (34, 'Milano',7);
insert into City (Id, Name, CountryId) values (35, 'Roma',7);
insert into City (Id, Name, CountryId) values (36, 'Quetigny', 8);
insert into City (Id, Name, CountryId) values (37, 'Lucé', 8);
insert into City (Id, Name, CountryId) values (38, 'Dijon', 8);
insert into City (Id, Name, CountryId) values (39, 'Nanterre', 8);
insert into City (Id, Name, CountryId) values (40, 'Vienne', 8);
insert into City (Id, Name, CountryId) values (41, 'Charneca', 9);
insert into City (Id, Name, CountryId) values (42, 'Faro', 9);
insert into City (Id, Name, CountryId) values (43, 'Vermoim', 9);
insert into City (Id, Name, CountryId) values (44, 'Picassinos', 9);
insert into City (Id, Name, CountryId) values (45, 'Pedro Miguel', 9);
insert into City (Id, Name, CountryId) values (46, 'Mesa', 10);
insert into City (Id, Name, CountryId) values (47, 'Birmingham', 10);
insert into City (Id, Name, CountryId) values (48, 'Miami', 10);
insert into City (Id, Name, CountryId) values (49, 'Minneapolis', 10);
insert into City (Id, Name, CountryId) values (50, 'Washington', 10);


insert into House (id, Name, Rating, Description, Discount, PricePerDay, Adress, PostalCode, OwnerId, CityId) values (1, 'Quisque ut erat.', null, 'Duis aliquam convallis nunc. Proin at turpis a pede posuere nonummy. Integer non velit.

Donec diam neque, vestibulum eget, vulputate ut, ultrices vel, augue. Vestibulum ante ipsum primis in faucibus orci luctus et ultrices posuere cubilia Curae; Donec pharetra, magna vestibulum aliquet ultrices, erat tortor sollicitudin mi, sit amet lobortis sapien sapien non mi. Integer ac neque.', 1.0, '€2613,68', 'Upham', '330', 150, 36);
insert into House (id, Name, Rating, Description, Discount, PricePerDay, Adress, PostalCode, OwnerId, CityId) values (2, 'Etiam vel augue.', null, 'Duis aliquam convallis nunc. Proin at turpis a pede posuere nonummy. Integer non velit.

Donec diam neque, vestibulum eget, vulputate ut, ultrices vel, augue. Vestibulum ante ipsum primis in faucibus orci luctus et ultrices posuere cubilia Curae; Donec pharetra, magna vestibulum aliquet ultrices, erat tortor sollicitudin mi, sit amet lobortis sapien sapien non mi. Integer ac neque.', 1.0, '€4783,91', 'Arkansas', '16889', 121, 30);
insert into House (id, Name, Rating, Description, Discount, PricePerDay, Adress, PostalCode, OwnerId, CityId) values (3, 'Praesent blandit.', null, 'Phasellus in felis. Donec semper sapien a libero. Nam dui.

Proin leo odio, porttitor id, consequat in, consequat ut, nulla. Sed accumsan felis. Ut at dolor quis odio consequat varius.

Integer ac leo. Pellentesque ultrices mattis odio. Donec vitae nisi.', 1.0, '€3505,21', 'Ludington', '2398', 135, 2);
insert into House (id, Name, Rating, Description, Discount, PricePerDay, Adress, PostalCode, OwnerId, CityId) values (4, 'Nunc purus.', null, 'Nam ultrices, libero non mattis pulvinar, nulla pede ullamcorper augue, a suscipit nulla elit ac nulla. Sed vel enim sit amet nunc viverra dapibus. Nulla suscipit ligula in lacus.

Curabitur at ipsum ac tellus semper interdum. Mauris ullamcorper purus sit amet nulla. Quisque arcu libero, rutrum ac, lobortis vel, dapibus at, diam.', 1.0, '€1070,91', 'Victoria', '996', 121, 5);
insert into House (id, Name, Rating, Description, Discount, PricePerDay, Adress, PostalCode, OwnerId, CityId) values (5, 'Aenean sit amet justo.', null, 'Donec diam neque, vestibulum eget, vulputate ut, ultrices vel, augue. Vestibulum ante ipsum primis in faucibus orci luctus et ultrices posuere cubilia Curae; Donec pharetra, magna vestibulum aliquet ultrices, erat tortor sollicitudin mi, sit amet lobortis sapien sapien non mi. Integer ac neque.

Duis bibendum. Morbi non quam nec dui luctus rutrum. Nulla tellus.', 1.0, '€4291,82', 'Vidon', '017', 50, 26);
insert into House (id, Name, Rating, Description, Discount, PricePerDay, Adress, PostalCode, OwnerId, CityId) values (6, 'Suspendisse potenti.', null, 'Integer tincidunt ante vel ipsum. Praesent blandit lacinia erat. Vestibulum sed magna at nunc commodo placerat.

Praesent blandit. Nam nulla. Integer pede justo, lacinia eget, tincidunt eget, tempus vel, pede.

Morbi porttitor lorem id ligula. Suspendisse ornare consequat lectus. In est risus, auctor sed, tristique in, tempus sit amet, sem.', 1.0, '€1782,11', 'Meadow Vale', '32', 82, 48);
insert into House (id, Name, Rating, Description, Discount, PricePerDay, Adress, PostalCode, OwnerId, CityId) values (7, 'Etiam pretium iaculis justo.', null, 'Praesent blandit. Nam nulla. Integer pede justo, lacinia eget, tincidunt eget, tempus vel, pede.', 1.0, '€1342,10', 'Schurz', '63033', 7, 8);
insert into House (id, Name, Rating, Description, Discount, PricePerDay, Adress, PostalCode, OwnerId, CityId) values (8, 'Vestibulum ante ipsum primis in faucibus orci luctus et ultrices posuere cubilia Curae; Mauris viverra diam vitae quam.', null, 'Sed ante. Vivamus tortor. Duis mattis egestas metus.', 1.0, '€3308,18', 'Fairfield', '72574', 26, 49);
insert into House (id, Name, Rating, Description, Discount, PricePerDay, Adress, PostalCode, OwnerId, CityId) values (9, 'Proin interdum mauris non ligula pellentesque ultrices.', null, 'Quisque id justo sit amet sapien dignissim vestibulum. Vestibulum ante ipsum primis in faucibus orci luctus et ultrices posuere cubilia Curae; Nulla dapibus dolor vel est. Donec odio justo, sollicitudin ut, suscipit a, feugiat et, eros.

Vestibulum ac est lacinia nisi venenatis tristique. Fusce congue, diam id ornare imperdiet, sapien urna pretium nisl, ut volutpat sapien arcu sed augue. Aliquam erat volutpat.', 1.0, '€2426,06', 'Fallview', '1712', 123, 47);
insert into House (id, Name, Rating, Description, Discount, PricePerDay, Adress, PostalCode, OwnerId, CityId) values (10, 'Integer aliquet, massa id lobortis convallis, tortor risus dapibus augue, vel accumsan tellus nisi eu orci.', null, 'Mauris enim leo, rhoncus sed, vestibulum sit amet, cursus id, turpis. Integer aliquet, massa id lobortis convallis, tortor risus dapibus augue, vel accumsan tellus nisi eu orci. Mauris lacinia sapien quis libero.', 1.0, '€1867,06', 'Ridge Oak', '0907', 150, 11);
insert into House (id, Name, Rating, Description, Discount, PricePerDay, Adress, PostalCode, OwnerId, CityId) values (11, 'Nulla neque libero, convallis eget, eleifend luctus, ultricies eu, nibh.', null, 'Duis bibendum. Morbi non quam nec dui luctus rutrum. Nulla tellus.

In sagittis dui vel nisl. Duis ac nibh. Fusce lacus purus, aliquet at, feugiat non, pretium quis, lectus.', 1.0, '€724,18', 'Lake View', '83', 61, 26);
insert into House (id, Name, Rating, Description, Discount, PricePerDay, Adress, PostalCode, OwnerId, CityId) values (12, 'Maecenas pulvinar lobortis est.', null, 'Nulla ut erat id mauris vulputate elementum. Nullam varius. Nulla facilisi.

Cras non velit nec nisi vulputate nonummy. Maecenas tincidunt lacus at velit. Vivamus vel nulla eget eros elementum pellentesque.', 1.0, '€2325,23', 'Holy Cross', '73', 60, 8);
insert into House (id, Name, Rating, Description, Discount, PricePerDay, Adress, PostalCode, OwnerId, CityId) values (13, 'Mauris enim leo, rhoncus sed, vestibulum sit amet, cursus id, turpis.', null, 'Curabitur gravida nisi at nibh. In hac habitasse platea dictumst. Aliquam augue quam, sollicitudin vitae, consectetuer eget, rutrum at, lorem.

Integer tincidunt ante vel ipsum. Praesent blandit lacinia erat. Vestibulum sed magna at nunc commodo placerat.

Praesent blandit. Nam nulla. Integer pede justo, lacinia eget, tincidunt eget, tempus vel, pede.', 1.0, '€4099,71', 'Gina', '7407', 14, 50);
insert into House (id, Name, Rating, Description, Discount, PricePerDay, Adress, PostalCode, OwnerId, CityId) values (14, 'Aenean fermentum.', null, 'Cras mi pede, malesuada in, imperdiet et, commodo vulputate, justo. In blandit ultrices enim. Lorem ipsum dolor sit amet, consectetuer adipiscing elit.

Proin interdum mauris non ligula pellentesque ultrices. Phasellus id sapien in sapien iaculis congue. Vivamus metus arcu, adipiscing molestie, hendrerit at, vulputate vitae, nisl.

Aenean lectus. Pellentesque eget nunc. Donec quis orci eget orci vehicula condimentum.', 1.0, '€2021,28', 'Havey', '519', 125, 29);
insert into House (id, Name, Rating, Description, Discount, PricePerDay, Adress, PostalCode, OwnerId, CityId) values (15, 'Donec posuere metus vitae ipsum.', null, 'Sed ante. Vivamus tortor. Duis mattis egestas metus.', 1.0, '€2597,15', 'Pawling', '85855', 93, 9);
insert into House (id, Name, Rating, Description, Discount, PricePerDay, Adress, PostalCode, OwnerId, CityId) values (16, 'Lorem ipsum dolor sit amet, consectetuer adipiscing elit.', null, 'Fusce consequat. Nulla nisl. Nunc nisl.

Duis bibendum, felis sed interdum venenatis, turpis enim blandit mi, in porttitor pede justo eu massa. Donec dapibus. Duis at velit eu est congue elementum.

In hac habitasse platea dictumst. Morbi vestibulum, velit id pretium iaculis, diam erat fermentum justo, nec condimentum neque sapien placerat ante. Nulla justo.', 1.0, '€733,77', 'Kedzie', '9836', 100, 19);
insert into House (id, Name, Rating, Description, Discount, PricePerDay, Adress, PostalCode, OwnerId, CityId) values (17, 'Maecenas ut massa quis augue luctus tincidunt.', null, 'Sed ante. Vivamus tortor. Duis mattis egestas metus.

Aenean fermentum. Donec ut mauris eget massa tempor convallis. Nulla neque libero, convallis eget, eleifend luctus, ultricies eu, nibh.

Quisque id justo sit amet sapien dignissim vestibulum. Vestibulum ante ipsum primis in faucibus orci luctus et ultrices posuere cubilia Curae; Nulla dapibus dolor vel est. Donec odio justo, sollicitudin ut, suscipit a, feugiat et, eros.', 1.0, '€508,81', 'Mayer', '10', 25, 50);
insert into House (id, Name, Rating, Description, Discount, PricePerDay, Adress, PostalCode, OwnerId, CityId) values (18, 'Suspendisse potenti.', null, 'Donec diam neque, vestibulum eget, vulputate ut, ultrices vel, augue. Vestibulum ante ipsum primis in faucibus orci luctus et ultrices posuere cubilia Curae; Donec pharetra, magna vestibulum aliquet ultrices, erat tortor sollicitudin mi, sit amet lobortis sapien sapien non mi. Integer ac neque.

Duis bibendum. Morbi non quam nec dui luctus rutrum. Nulla tellus.', 1.0, '€2584,00', 'Norway Maple', '594', 78, 12);
insert into House (id, Name, Rating, Description, Discount, PricePerDay, Adress, PostalCode, OwnerId, CityId) values (19, 'Maecenas pulvinar lobortis est.', null, 'In sagittis dui vel nisl. Duis ac nibh. Fusce lacus purus, aliquet at, feugiat non, pretium quis, lectus.', 1.0, '€1992,46', 'Armistice', '28', 21, 33);
insert into House (id, Name, Rating, Description, Discount, PricePerDay, Adress, PostalCode, OwnerId, CityId) values (20, 'Nulla justo.', null, 'Curabitur gravida nisi at nibh. In hac habitasse platea dictumst. Aliquam augue quam, sollicitudin vitae, consectetuer eget, rutrum at, lorem.

Integer tincidunt ante vel ipsum. Praesent blandit lacinia erat. Vestibulum sed magna at nunc commodo placerat.', 1.0, '€4853,19', 'Holmberg', '255', 110, 33);
insert into House (id, Name, Rating, Description, Discount, PricePerDay, Adress, PostalCode, OwnerId, CityId) values (21, 'In est risus, auctor sed, tristique in, tempus sit amet, sem.', null, 'In sagittis dui vel nisl. Duis ac nibh. Fusce lacus purus, aliquet at, feugiat non, pretium quis, lectus.', 1.0, '€194,68', 'Kennedy', '3', 2, 20);
insert into House (id, Name, Rating, Description, Discount, PricePerDay, Adress, PostalCode, OwnerId, CityId) values (22, 'Proin interdum mauris non ligula pellentesque ultrices.', null, 'Cum sociis natoque penatibus et magnis dis parturient montes, nascetur ridiculus mus. Vivamus vestibulum sagittis sapien. Cum sociis natoque penatibus et magnis dis parturient montes, nascetur ridiculus mus.

Etiam vel augue. Vestibulum rutrum rutrum neque. Aenean auctor gravida sem.', 1.0, '€2506,96', 'Truax', '4956', 64, 48);
insert into House (id, Name, Rating, Description, Discount, PricePerDay, Adress, PostalCode, OwnerId, CityId) values (23, 'Aliquam augue quam, sollicitudin vitae, consectetuer eget, rutrum at, lorem.', null, 'Fusce posuere felis sed lacus. Morbi sem mauris, laoreet ut, rhoncus aliquet, pulvinar sed, nisl. Nunc rhoncus dui vel sem.

Sed sagittis. Nam congue, risus semper porta volutpat, quam pede lobortis ligula, sit amet eleifend pede libero quis orci. Nullam molestie nibh in lectus.

Pellentesque at nulla. Suspendisse potenti. Cras in purus eu magna vulputate luctus.', 1.0, '€4359,75', 'Eliot', '7255', 19, 45);
insert into House (id, Name, Rating, Description, Discount, PricePerDay, Adress, PostalCode, OwnerId, CityId) values (24, 'Proin eu mi.', null, 'Proin leo odio, porttitor id, consequat in, consequat ut, nulla. Sed accumsan felis. Ut at dolor quis odio consequat varius.

Integer ac leo. Pellentesque ultrices mattis odio. Donec vitae nisi.', 1.0, '€4140,65', 'Hagan', '15596', 39, 11);
insert into House (id, Name, Rating, Description, Discount, PricePerDay, Adress, PostalCode, OwnerId, CityId) values (25, 'Cum sociis natoque penatibus et magnis dis parturient montes, nascetur ridiculus mus.', null, 'Curabitur gravida nisi at nibh. In hac habitasse platea dictumst. Aliquam augue quam, sollicitudin vitae, consectetuer eget, rutrum at, lorem.

Integer tincidunt ante vel ipsum. Praesent blandit lacinia erat. Vestibulum sed magna at nunc commodo placerat.

Praesent blandit. Nam nulla. Integer pede justo, lacinia eget, tincidunt eget, tempus vel, pede.', 1.0, '€1083,59', 'Stang', '81', 101, 32);
insert into House (id, Name, Rating, Description, Discount, PricePerDay, Adress, PostalCode, OwnerId, CityId) values (26, 'Vivamus vel nulla eget eros elementum pellentesque.', null, 'Mauris enim leo, rhoncus sed, vestibulum sit amet, cursus id, turpis. Integer aliquet, massa id lobortis convallis, tortor risus dapibus augue, vel accumsan tellus nisi eu orci. Mauris lacinia sapien quis libero.

Nullam sit amet turpis elementum ligula vehicula consequat. Morbi a ipsum. Integer a nibh.', 1.0, '€4629,87', 'Sachs', '79649', 21, 2);
insert into House (id, Name, Rating, Description, Discount, PricePerDay, Adress, PostalCode, OwnerId, CityId) values (27, 'Maecenas pulvinar lobortis est.', null, 'Mauris enim leo, rhoncus sed, vestibulum sit amet, cursus id, turpis. Integer aliquet, massa id lobortis convallis, tortor risus dapibus augue, vel accumsan tellus nisi eu orci. Mauris lacinia sapien quis libero.

Nullam sit amet turpis elementum ligula vehicula consequat. Morbi a ipsum. Integer a nibh.', 1.0, '€2688,39', 'Harper', '1', 64, 40);
insert into House (id, Name, Rating, Description, Discount, PricePerDay, Adress, PostalCode, OwnerId, CityId) values (28, 'Duis at velit eu est congue elementum.', null, 'Fusce posuere felis sed lacus. Morbi sem mauris, laoreet ut, rhoncus aliquet, pulvinar sed, nisl. Nunc rhoncus dui vel sem.

Sed sagittis. Nam congue, risus semper porta volutpat, quam pede lobortis ligula, sit amet eleifend pede libero quis orci. Nullam molestie nibh in lectus.

Pellentesque at nulla. Suspendisse potenti. Cras in purus eu magna vulputate luctus.', 1.0, '€2730,40', 'Steensland', '7', 8, 37);
insert into House (id, Name, Rating, Description, Discount, PricePerDay, Adress, PostalCode, OwnerId, CityId) values (29, 'Suspendisse potenti.', null, 'Phasellus in felis. Donec semper sapien a libero. Nam dui.

Proin leo odio, porttitor id, consequat in, consequat ut, nulla. Sed accumsan felis. Ut at dolor quis odio consequat varius.', 1.0, '€1372,41', 'Delaware', '745', 9, 25);
insert into House (id, Name, Rating, Description, Discount, PricePerDay, Adress, PostalCode, OwnerId, CityId) values (30, 'Cras mi pede, malesuada in, imperdiet et, commodo vulputate, justo.', null, 'Integer ac leo. Pellentesque ultrices mattis odio. Donec vitae nisi.

Nam ultrices, libero non mattis pulvinar, nulla pede ullamcorper augue, a suscipit nulla elit ac nulla. Sed vel enim sit amet nunc viverra dapibus. Nulla suscipit ligula in lacus.

Curabitur at ipsum ac tellus semper interdum. Mauris ullamcorper purus sit amet nulla. Quisque arcu libero, rutrum ac, lobortis vel, dapibus at, diam.', 1.0, '€4605,86', 'Northport', '203', 38, 18);
insert into House (id, Name, Rating, Description, Discount, PricePerDay, Adress, PostalCode, OwnerId, CityId) values (31, 'Praesent blandit.', null, 'Maecenas tristique, est et tempus semper, est quam pharetra magna, ac consequat metus sapien ut nunc. Vestibulum ante ipsum primis in faucibus orci luctus et ultrices posuere cubilia Curae; Mauris viverra diam vitae quam. Suspendisse potenti.

Nullam porttitor lacus at turpis. Donec posuere metus vitae ipsum. Aliquam non mauris.', 1.0, '€1723,82', 'Red Cloud', '052', 26, 3);
insert into House (id, Name, Rating, Description, Discount, PricePerDay, Adress, PostalCode, OwnerId, CityId) values (32, 'Nulla nisl.', null, 'Curabitur in libero ut massa volutpat convallis. Morbi odio odio, elementum eu, interdum eu, tincidunt in, leo. Maecenas pulvinar lobortis est.

Phasellus sit amet erat. Nulla tempus. Vivamus in felis eu sapien cursus vestibulum.', 1.0, '€4769,35', 'Sullivan', '8', 116, 36);
insert into House (id, Name, Rating, Description, Discount, PricePerDay, Adress, PostalCode, OwnerId, CityId) values (33, 'Donec posuere metus vitae ipsum.', null, 'Maecenas leo odio, condimentum id, luctus nec, molestie sed, justo. Pellentesque viverra pede ac diam. Cras pellentesque volutpat dui.

Maecenas tristique, est et tempus semper, est quam pharetra magna, ac consequat metus sapien ut nunc. Vestibulum ante ipsum primis in faucibus orci luctus et ultrices posuere cubilia Curae; Mauris viverra diam vitae quam. Suspendisse potenti.', 1.0, '€4934,50', 'Clarendon', '743', 88, 8);
insert into House (id, Name, Rating, Description, Discount, PricePerDay, Adress, PostalCode, OwnerId, CityId) values (34, 'Morbi non quam nec dui luctus rutrum.', null, 'Morbi non lectus. Aliquam sit amet diam in magna bibendum imperdiet. Nullam orci pede, venenatis non, sodales sed, tincidunt eu, felis.', 1.0, '€287,38', 'Del Sol', '30443', 123, 43);
insert into House (id, Name, Rating, Description, Discount, PricePerDay, Adress, PostalCode, OwnerId, CityId) values (35, 'Donec semper sapien a libero.', null, 'Phasellus in felis. Donec semper sapien a libero. Nam dui.

Proin leo odio, porttitor id, consequat in, consequat ut, nulla. Sed accumsan felis. Ut at dolor quis odio consequat varius.', 1.0, '€4471,82', 'Stone Corner', '743', 110, 45);
insert into House (id, Name, Rating, Description, Discount, PricePerDay, Adress, PostalCode, OwnerId, CityId) values (36, 'Maecenas pulvinar lobortis est.', null, 'Curabitur in libero ut massa volutpat convallis. Morbi odio odio, elementum eu, interdum eu, tincidunt in, leo. Maecenas pulvinar lobortis est.

Phasellus sit amet erat. Nulla tempus. Vivamus in felis eu sapien cursus vestibulum.

Proin eu mi. Nulla ac enim. In tempor, turpis nec euismod scelerisque, quam turpis adipiscing lorem, vitae mattis nibh ligula nec sem.', 1.0, '€2529,09', 'Drewry', '04873', 136, 4);
insert into House (id, Name, Rating, Description, Discount, PricePerDay, Adress, PostalCode, OwnerId, CityId) values (37, 'Nunc purus.', null, 'Phasellus in felis. Donec semper sapien a libero. Nam dui.

Proin leo odio, porttitor id, consequat in, consequat ut, nulla. Sed accumsan felis. Ut at dolor quis odio consequat varius.', 1.0, '€3411,85', 'Dawn', '8', 36, 16);
insert into House (id, Name, Rating, Description, Discount, PricePerDay, Adress, PostalCode, OwnerId, CityId) values (38, 'Aliquam erat volutpat.', null, 'Proin interdum mauris non ligula pellentesque ultrices. Phasellus id sapien in sapien iaculis congue. Vivamus metus arcu, adipiscing molestie, hendrerit at, vulputate vitae, nisl.', 1.0, '€2317,99', 'Esch', '0840', 101, 46);
insert into House (id, Name, Rating, Description, Discount, PricePerDay, Adress, PostalCode, OwnerId, CityId) values (39, 'Morbi sem mauris, laoreet ut, rhoncus aliquet, pulvinar sed, nisl.', null, 'Fusce consequat. Nulla nisl. Nunc nisl.', 1.0, '€3998,09', 'Lakewood', '993', 89, 27);
insert into House (id, Name, Rating, Description, Discount, PricePerDay, Adress, PostalCode, OwnerId, CityId) values (40, 'Praesent blandit.', null, 'Vestibulum quam sapien, varius ut, blandit non, interdum in, ante. Vestibulum ante ipsum primis in faucibus orci luctus et ultrices posuere cubilia Curae; Duis faucibus accumsan odio. Curabitur convallis.', 1.0, '€1101,08', 'Melody', '30', 149, 6);
insert into House (id, Name, Rating, Description, Discount, PricePerDay, Adress, PostalCode, OwnerId, CityId) values (41, 'Aliquam non mauris.', null, 'Aenean lectus. Pellentesque eget nunc. Donec quis orci eget orci vehicula condimentum.', 1.0, '€2498,72', 'Crownhardt', '6355', 128, 27);
insert into House (id, Name, Rating, Description, Discount, PricePerDay, Adress, PostalCode, OwnerId, CityId) values (42, 'Morbi a ipsum.', null, 'Pellentesque at nulla. Suspendisse potenti. Cras in purus eu magna vulputate luctus.', 1.0, '€3913,91', 'John Wall', '2749', 19, 24);
insert into House (id, Name, Rating, Description, Discount, PricePerDay, Adress, PostalCode, OwnerId, CityId) values (43, 'Nam tristique tortor eu pede.', null, 'Fusce consequat. Nulla nisl. Nunc nisl.', 1.0, '€4146,90', 'Eliot', '6', 102, 48);
insert into House (id, Name, Rating, Description, Discount, PricePerDay, Adress, PostalCode, OwnerId, CityId) values (44, 'Aliquam non mauris.', null, 'Curabitur at ipsum ac tellus semper interdum. Mauris ullamcorper purus sit amet nulla. Quisque arcu libero, rutrum ac, lobortis vel, dapibus at, diam.', 1.0, '€3748,67', 'Mitchell', '64', 44, 9);
insert into House (id, Name, Rating, Description, Discount, PricePerDay, Adress, PostalCode, OwnerId, CityId) values (45, 'Praesent lectus.', null, 'Cum sociis natoque penatibus et magnis dis parturient montes, nascetur ridiculus mus. Vivamus vestibulum sagittis sapien. Cum sociis natoque penatibus et magnis dis parturient montes, nascetur ridiculus mus.', 1.0, '€4906,16', 'Bay', '2', 127, 19);
insert into House (id, Name, Rating, Description, Discount, PricePerDay, Adress, PostalCode, OwnerId, CityId) values (46, 'Sed accumsan felis.', null, 'Duis bibendum, felis sed interdum venenatis, turpis enim blandit mi, in porttitor pede justo eu massa. Donec dapibus. Duis at velit eu est congue elementum.

In hac habitasse platea dictumst. Morbi vestibulum, velit id pretium iaculis, diam erat fermentum justo, nec condimentum neque sapien placerat ante. Nulla justo.', 1.0, '€1728,48', 'Stuart', '2', 58, 22);
insert into House (id, Name, Rating, Description, Discount, PricePerDay, Adress, PostalCode, OwnerId, CityId) values (47, 'Vivamus vestibulum sagittis sapien.', null, 'Etiam vel augue. Vestibulum rutrum rutrum neque. Aenean auctor gravida sem.

Praesent id massa id nisl venenatis lacinia. Aenean sit amet justo. Morbi ut odio.', 1.0, '€1894,30', 'Macpherson', '27374', 14, 15);
insert into House (id, Name, Rating, Description, Discount, PricePerDay, Adress, PostalCode, OwnerId, CityId) values (48, 'In quis justo.', null, 'Proin leo odio, porttitor id, consequat in, consequat ut, nulla. Sed accumsan felis. Ut at dolor quis odio consequat varius.

Integer ac leo. Pellentesque ultrices mattis odio. Donec vitae nisi.

Nam ultrices, libero non mattis pulvinar, nulla pede ullamcorper augue, a suscipit nulla elit ac nulla. Sed vel enim sit amet nunc viverra dapibus. Nulla suscipit ligula in lacus.', 1.0, '€897,43', 'Hermina', '539', 131, 37);
insert into House (id, Name, Rating, Description, Discount, PricePerDay, Adress, PostalCode, OwnerId, CityId) values (49, 'Lorem ipsum dolor sit amet, consectetuer adipiscing elit.', null, 'Aliquam quis turpis eget elit sodales scelerisque. Mauris sit amet eros. Suspendisse accumsan tortor quis turpis.', 1.0, '€4740,53', 'Atwood', '83512', 110, 27);
insert into House (id, Name, Rating, Description, Discount, PricePerDay, Adress, PostalCode, OwnerId, CityId) values (50, 'Integer aliquet, massa id lobortis convallis, tortor risus dapibus augue, vel accumsan tellus nisi eu orci.', null, 'Curabitur at ipsum ac tellus semper interdum. Mauris ullamcorper purus sit amet nulla. Quisque arcu libero, rutrum ac, lobortis vel, dapibus at, diam.', 1.0, '€293,47', 'Mitchell', '4', 138, 6);


insert into Commodity (id, Description, Type, HouseId) values (1, 'Maecenas tincidunt lacus at velit.', 'Donec posuere metus vitae ipsum.', 2);
insert into Commodity (id, Description, Type, HouseId) values (2, 'Morbi non lectus. Aliquam sit amet diam in magna bibendum imperdiet.', 'Curabitur in libero ut massa volutpat convallis.', 33);
insert into Commodity (id, Description, Type, HouseId) values (3, 'Pellentesque eget nunc.', 'Nam dui.', 28);
insert into Commodity (id, Description, Type, HouseId) values (4, 'Etiam faucibus cursus urna.', 'Donec diam neque, vestibulum eget, vulputate ut, ultrices vel, augue.', 45);
insert into Commodity (id, Description, Type, HouseId) values (5, 'Donec dapibus. Duis at velit eu est congue elementum.', 'Quisque id justo sit amet sapien dignissim vestibulum.', 12);
insert into Commodity (id, Description, Type, HouseId) values (6, 'Aenean fermentum. Donec ut mauris eget massa tempor convallis.', 'Praesent blandit lacinia erat.', 6);
insert into Commodity (id, Description, Type, HouseId) values (7, 'Morbi odio odio, elementum eu, interdum eu, tincidunt in, leo.', 'Fusce lacus purus, aliquet at, feugiat non, pretium quis, lectus.', 49);
insert into Commodity (id, Description, Type, HouseId) values (8, 'Donec ut mauris eget massa tempor convallis.', 'Quisque id justo sit amet sapien dignissim vestibulum.', 43);
insert into Commodity (id, Description, Type, HouseId) values (9, 'Maecenas rhoncus aliquam lacus.', 'Maecenas tincidunt lacus at velit.', 20);
insert into Commodity (id, Description, Type, HouseId) values (10, 'Quisque erat eros, viverra eget, congue eget, semper rutrum, nulla. Nunc purus.', 'Praesent blandit.', 16);
insert into Commodity (id, Description, Type, HouseId) values (11, 'Pellentesque at nulla.', 'Vestibulum ac est lacinia nisi venenatis tristique.', 3);
insert into Commodity (id, Description, Type, HouseId) values (12, 'Fusce consequat. Nulla nisl.', 'Donec vitae nisi.', 8);
insert into Commodity (id, Description, Type, HouseId) values (13, 'Nullam porttitor lacus at turpis.', 'Nulla ut erat id mauris vulputate elementum.', 40);
insert into Commodity (id, Description, Type, HouseId) values (14, 'Morbi vestibulum, velit id pretium iaculis, diam erat fermentum justo, nec condimentum neque sapien placerat ante. Nulla justo.', 'Morbi vestibulum, velit id pretium iaculis, diam erat fermentum justo, nec condimentum neque sapien placerat ante.', 22);
insert into Commodity (id, Description, Type, HouseId) values (15, 'Suspendisse potenti. Cras in purus eu magna vulputate luctus.', 'Nulla neque libero, convallis eget, eleifend luctus, ultricies eu, nibh.', 15);
insert into Commodity (id, Description, Type, HouseId) values (16, 'Praesent blandit.', 'Proin at turpis a pede posuere nonummy.', 9);
insert into Commodity (id, Description, Type, HouseId) values (17, 'Proin at turpis a pede posuere nonummy.', 'Maecenas tristique, est et tempus semper, est quam pharetra magna, ac consequat metus sapien ut nunc.', 13);
insert into Commodity (id, Description, Type, HouseId) values (18, 'In eleifend quam a odio.', 'Nullam porttitor lacus at turpis.', 1);
insert into Commodity (id, Description, Type, HouseId) values (19, 'In quis justo. Maecenas rhoncus aliquam lacus.', 'Nullam porttitor lacus at turpis.', 19);
insert into Commodity (id, Description, Type, HouseId) values (20, 'Cras in purus eu magna vulputate luctus. Cum sociis natoque penatibus et magnis dis parturient montes, nascetur ridiculus mus.', 'In est risus, auctor sed, tristique in, tempus sit amet, sem.', 37);
insert into Commodity (id, Description, Type, HouseId) values (21, 'Vestibulum sed magna at nunc commodo placerat.', 'Nunc nisl.', 16);
insert into Commodity (id, Description, Type, HouseId) values (22, 'Pellentesque ultrices mattis odio.', 'Donec quis orci eget orci vehicula condimentum.', 3);
insert into Commodity (id, Description, Type, HouseId) values (23, 'Maecenas tincidunt lacus at velit. Vivamus vel nulla eget eros elementum pellentesque.', 'Vestibulum ante ipsum primis in faucibus orci luctus et ultrices posuere cubilia Curae; Donec pharetra, magna vestibulum aliquet ultrices, erat tortor sollicitudin mi, sit amet lobortis sapien sapien non mi.', 5);
insert into Commodity (id, Description, Type, HouseId) values (24, 'Donec diam neque, vestibulum eget, vulputate ut, ultrices vel, augue. Vestibulum ante ipsum primis in faucibus orci luctus et ultrices posuere cubilia Curae; Donec pharetra, magna vestibulum aliquet ultrices, erat tortor sollicitudin mi, sit amet lobortis sapien sapien non mi.', 'Vivamus tortor.', 27);
insert into Commodity (id, Description, Type, HouseId) values (25, 'Morbi sem mauris, laoreet ut, rhoncus aliquet, pulvinar sed, nisl. Nunc rhoncus dui vel sem.', 'Aenean sit amet justo.', 20);
insert into Commodity (id, Description, Type, HouseId) values (26, 'Nulla nisl.', 'Vivamus vel nulla eget eros elementum pellentesque.', 23);
insert into Commodity (id, Description, Type, HouseId) values (27, 'Fusce lacus purus, aliquet at, feugiat non, pretium quis, lectus. Suspendisse potenti.', 'Cras pellentesque volutpat dui.', 38);
insert into Commodity (id, Description, Type, HouseId) values (28, 'Lorem ipsum dolor sit amet, consectetuer adipiscing elit.', 'Phasellus in felis.', 49);
insert into Commodity (id, Description, Type, HouseId) values (29, 'Morbi non quam nec dui luctus rutrum. Nulla tellus.', 'Quisque arcu libero, rutrum ac, lobortis vel, dapibus at, diam.', 29);
insert into Commodity (id, Description, Type, HouseId) values (30, 'Sed vel enim sit amet nunc viverra dapibus.', 'Morbi quis tortor id nulla ultrices aliquet.', 35);
insert into Commodity (id, Description, Type, HouseId) values (31, 'Donec semper sapien a libero.', 'Nulla ac enim.', 45);
insert into Commodity (id, Description, Type, HouseId) values (32, 'Nam nulla. Integer pede justo, lacinia eget, tincidunt eget, tempus vel, pede.', 'Nam congue, risus semper porta volutpat, quam pede lobortis ligula, sit amet eleifend pede libero quis orci.', 13);
insert into Commodity (id, Description, Type, HouseId) values (33, 'Suspendisse potenti.', 'Nam tristique tortor eu pede.', 18);
insert into Commodity (id, Description, Type, HouseId) values (34, 'In hac habitasse platea dictumst.', 'Aliquam quis turpis eget elit sodales scelerisque.', 6);
insert into Commodity (id, Description, Type, HouseId) values (35, 'Maecenas pulvinar lobortis est.', 'Nam congue, risus semper porta volutpat, quam pede lobortis ligula, sit amet eleifend pede libero quis orci.', 27);
insert into Commodity (id, Description, Type, HouseId) values (36, 'Proin eu mi. Nulla ac enim.', 'Proin risus.', 11);
insert into Commodity (id, Description, Type, HouseId) values (37, 'Cum sociis natoque penatibus et magnis dis parturient montes, nascetur ridiculus mus.', 'Maecenas pulvinar lobortis est.', 28);
insert into Commodity (id, Description, Type, HouseId) values (38, 'Nulla mollis molestie lorem. Quisque ut erat.', 'Aliquam erat volutpat.', 34);
insert into Commodity (id, Description, Type, HouseId) values (39, 'Aenean lectus. Pellentesque eget nunc.', 'Morbi non lectus.', 36);
insert into Commodity (id, Description, Type, HouseId) values (40, 'Etiam vel augue.', 'Sed ante.', 24);
insert into Commodity (id, Description, Type, HouseId) values (41, 'Cras non velit nec nisi vulputate nonummy. Maecenas tincidunt lacus at velit.', 'Nullam molestie nibh in lectus.', 22);
insert into Commodity (id, Description, Type, HouseId) values (42, 'Nulla justo. Aliquam quis turpis eget elit sodales scelerisque.', 'Duis bibendum, felis sed interdum venenatis, turpis enim blandit mi, in porttitor pede justo eu massa.', 29);
insert into Commodity (id, Description, Type, HouseId) values (43, 'Donec ut dolor.', 'Nullam orci pede, venenatis non, sodales sed, tincidunt eu, felis.', 9);
insert into Commodity (id, Description, Type, HouseId) values (44, 'Donec dapibus. Duis at velit eu est congue elementum.', 'Suspendisse accumsan tortor quis turpis.', 34);
insert into Commodity (id, Description, Type, HouseId) values (45, 'Integer ac leo.', 'Praesent blandit lacinia erat.', 25);
insert into Commodity (id, Description, Type, HouseId) values (46, 'Cras mi pede, malesuada in, imperdiet et, commodo vulputate, justo.', 'Integer aliquet, massa id lobortis convallis, tortor risus dapibus augue, vel accumsan tellus nisi eu orci.', 15);
insert into Commodity (id, Description, Type, HouseId) values (47, 'Morbi vestibulum, velit id pretium iaculis, diam erat fermentum justo, nec condimentum neque sapien placerat ante.', 'In congue.', 20);
insert into Commodity (id, Description, Type, HouseId) values (48, 'Duis bibendum, felis sed interdum venenatis, turpis enim blandit mi, in porttitor pede justo eu massa. Donec dapibus.', 'Praesent blandit.', 46);
insert into Commodity (id, Description, Type, HouseId) values (49, 'Phasellus id sapien in sapien iaculis congue. Vivamus metus arcu, adipiscing molestie, hendrerit at, vulputate vitae, nisl.', 'Nulla nisl.', 11);
insert into Commodity (id, Description, Type, HouseId) values (50, 'Integer pede justo, lacinia eget, tincidunt eget, tempus vel, pede. Morbi porttitor lorem id ligula.', 'Etiam justo.', 3);
insert into Commodity (id, Description, Type, HouseId) values (51, 'Nulla facilisi. Cras non velit nec nisi vulputate nonummy.', 'Nullam varius.', 30);
insert into Commodity (id, Description, Type, HouseId) values (52, 'In eleifend quam a odio.', 'Vestibulum quam sapien, varius ut, blandit non, interdum in, ante.', 17);
insert into Commodity (id, Description, Type, HouseId) values (53, 'Nullam molestie nibh in lectus.', 'In congue.', 8);
insert into Commodity (id, Description, Type, HouseId) values (54, 'Donec dapibus. Duis at velit eu est congue elementum.', 'Nam ultrices, libero non mattis pulvinar, nulla pede ullamcorper augue, a suscipit nulla elit ac nulla.', 26);
insert into Commodity (id, Description, Type, HouseId) values (55, 'Maecenas tincidunt lacus at velit. Vivamus vel nulla eget eros elementum pellentesque.', 'Nulla neque libero, convallis eget, eleifend luctus, ultricies eu, nibh.', 40);
insert into Commodity (id, Description, Type, HouseId) values (56, 'Morbi non quam nec dui luctus rutrum. Nulla tellus.', 'Suspendisse potenti.', 40);
insert into Commodity (id, Description, Type, HouseId) values (57, 'Donec ut mauris eget massa tempor convallis.', 'Proin leo odio, porttitor id, consequat in, consequat ut, nulla.', 7);
insert into Commodity (id, Description, Type, HouseId) values (58, 'Donec ut mauris eget massa tempor convallis. Nulla neque libero, convallis eget, eleifend luctus, ultricies eu, nibh.', 'Nullam molestie nibh in lectus.', 13);
insert into Commodity (id, Description, Type, HouseId) values (59, 'Donec semper sapien a libero. Nam dui.', 'Morbi non quam nec dui luctus rutrum.', 50);
insert into Commodity (id, Description, Type, HouseId) values (60, 'Etiam faucibus cursus urna.', 'Donec quis orci eget orci vehicula condimentum.', 12);
insert into Commodity (id, Description, Type, HouseId) values (61, 'Integer aliquet, massa id lobortis convallis, tortor risus dapibus augue, vel accumsan tellus nisi eu orci.', 'Mauris enim leo, rhoncus sed, vestibulum sit amet, cursus id, turpis.', 37);
insert into Commodity (id, Description, Type, HouseId) values (62, 'Cras non velit nec nisi vulputate nonummy.', 'In congue.', 6);
insert into Commodity (id, Description, Type, HouseId) values (63, 'Vestibulum ante ipsum primis in faucibus orci luctus et ultrices posuere cubilia Curae; Donec pharetra, magna vestibulum aliquet ultrices, erat tortor sollicitudin mi, sit amet lobortis sapien sapien non mi.', 'Nunc rhoncus dui vel sem.', 18);
insert into Commodity (id, Description, Type, HouseId) values (64, 'Mauris enim leo, rhoncus sed, vestibulum sit amet, cursus id, turpis.', 'Donec semper sapien a libero.', 45);
insert into Commodity (id, Description, Type, HouseId) values (65, 'In hac habitasse platea dictumst.', 'Aenean fermentum.', 15);
insert into Commodity (id, Description, Type, HouseId) values (66, 'Donec dapibus.', 'Nam tristique tortor eu pede.', 2);
insert into Commodity (id, Description, Type, HouseId) values (67, 'Vivamus vel nulla eget eros elementum pellentesque.', 'Donec ut dolor.', 35);
insert into Commodity (id, Description, Type, HouseId) values (68, 'Lorem ipsum dolor sit amet, consectetuer adipiscing elit. Proin risus.', 'Integer ac neque.', 9);
insert into Commodity (id, Description, Type, HouseId) values (69, 'Aenean auctor gravida sem. Praesent id massa id nisl venenatis lacinia.', 'Nulla ut erat id mauris vulputate elementum.', 42);
insert into Commodity (id, Description, Type, HouseId) values (70, 'Vestibulum quam sapien, varius ut, blandit non, interdum in, ante.', 'Etiam justo.', 13);
insert into Commodity (id, Description, Type, HouseId) values (71, 'Integer aliquet, massa id lobortis convallis, tortor risus dapibus augue, vel accumsan tellus nisi eu orci.', 'Etiam justo.', 6);
insert into Commodity (id, Description, Type, HouseId) values (72, 'Nulla mollis molestie lorem.', 'Duis ac nibh.', 9);
insert into Commodity (id, Description, Type, HouseId) values (73, 'Vestibulum ante ipsum primis in faucibus orci luctus et ultrices posuere cubilia Curae; Duis faucibus accumsan odio. Curabitur convallis.', 'Duis aliquam convallis nunc.', 8);
insert into Commodity (id, Description, Type, HouseId) values (74, 'Aliquam sit amet diam in magna bibendum imperdiet. Nullam orci pede, venenatis non, sodales sed, tincidunt eu, felis.', 'Curabitur gravida nisi at nibh.', 37);
insert into Commodity (id, Description, Type, HouseId) values (75, 'Cum sociis natoque penatibus et magnis dis parturient montes, nascetur ridiculus mus. Etiam vel augue.', 'Integer ac neque.', 44);
insert into Commodity (id, Description, Type, HouseId) values (76, 'Integer non velit. Donec diam neque, vestibulum eget, vulputate ut, ultrices vel, augue.', 'Cras mi pede, malesuada in, imperdiet et, commodo vulputate, justo.', 3);
insert into Commodity (id, Description, Type, HouseId) values (77, 'Maecenas rhoncus aliquam lacus.', 'Fusce consequat.', 48);
insert into Commodity (id, Description, Type, HouseId) values (78, 'Vivamus tortor. Duis mattis egestas metus.', 'Curabitur gravida nisi at nibh.', 15);
insert into Commodity (id, Description, Type, HouseId) values (79, 'Nulla tempus.', 'Vivamus in felis eu sapien cursus vestibulum.', 49);
insert into Commodity (id, Description, Type, HouseId) values (80, 'Nulla tellus. In sagittis dui vel nisl.', 'Curabitur convallis.', 36);
insert into Commodity (id, Description, Type, HouseId) values (81, 'Integer ac leo. Pellentesque ultrices mattis odio.', 'Curabitur at ipsum ac tellus semper interdum.', 18);
insert into Commodity (id, Description, Type, HouseId) values (82, 'Morbi non quam nec dui luctus rutrum. Nulla tellus.', 'Suspendisse potenti.', 46);
insert into Commodity (id, Description, Type, HouseId) values (83, 'Praesent blandit lacinia erat.', 'Phasellus in felis.', 11);
insert into Commodity (id, Description, Type, HouseId) values (84, 'Suspendisse potenti. In eleifend quam a odio.', 'Maecenas tristique, est et tempus semper, est quam pharetra magna, ac consequat metus sapien ut nunc.', 40);
insert into Commodity (id, Description, Type, HouseId) values (85, 'Duis ac nibh. Fusce lacus purus, aliquet at, feugiat non, pretium quis, lectus.', 'Vestibulum ac est lacinia nisi venenatis tristique.', 17);
insert into Commodity (id, Description, Type, HouseId) values (86, 'Nam nulla. Integer pede justo, lacinia eget, tincidunt eget, tempus vel, pede.', 'Integer ac neque.', 18);
insert into Commodity (id, Description, Type, HouseId) values (87, 'Aliquam quis turpis eget elit sodales scelerisque. Mauris sit amet eros.', 'Duis at velit eu est congue elementum.', 40);
insert into Commodity (id, Description, Type, HouseId) values (88, 'Suspendisse ornare consequat lectus.', 'Vestibulum ac est lacinia nisi venenatis tristique.', 30);
insert into Commodity (id, Description, Type, HouseId) values (89, 'Vestibulum ante ipsum primis in faucibus orci luctus et ultrices posuere cubilia Curae; Duis faucibus accumsan odio.', 'Pellentesque viverra pede ac diam.', 46);
insert into Commodity (id, Description, Type, HouseId) values (90, 'Proin risus. Praesent lectus.', 'Nullam sit amet turpis elementum ligula vehicula consequat.', 48);
insert into Commodity (id, Description, Type, HouseId) values (91, 'Nullam sit amet turpis elementum ligula vehicula consequat. Morbi a ipsum.', 'Nullam sit amet turpis elementum ligula vehicula consequat.', 40);
insert into Commodity (id, Description, Type, HouseId) values (92, 'Nullam molestie nibh in lectus.', 'Integer ac leo.', 32);
insert into Commodity (id, Description, Type, HouseId) values (93, 'Nulla justo.', 'Pellentesque eget nunc.', 28);
insert into Commodity (id, Description, Type, HouseId) values (94, 'Donec odio justo, sollicitudin ut, suscipit a, feugiat et, eros. Vestibulum ac est lacinia nisi venenatis tristique.', 'Duis bibendum.', 25);
insert into Commodity (id, Description, Type, HouseId) values (95, 'Etiam vel augue.', 'Cras non velit nec nisi vulputate nonummy.', 45);
insert into Commodity (id, Description, Type, HouseId) values (96, 'Nam congue, risus semper porta volutpat, quam pede lobortis ligula, sit amet eleifend pede libero quis orci. Nullam molestie nibh in lectus.', 'Proin eu mi.', 15);
insert into Commodity (id, Description, Type, HouseId) values (97, 'Maecenas pulvinar lobortis est. Phasellus sit amet erat.', 'Cum sociis natoque penatibus et magnis dis parturient montes, nascetur ridiculus mus.', 31);
insert into Commodity (id, Description, Type, HouseId) values (98, 'Vivamus in felis eu sapien cursus vestibulum.', 'Morbi odio odio, elementum eu, interdum eu, tincidunt in, leo.', 49);
insert into Commodity (id, Description, Type, HouseId) values (99, 'Pellentesque at nulla. Suspendisse potenti.', 'Aliquam sit amet diam in magna bibendum imperdiet.', 30);
insert into Commodity (id, Description, Type, HouseId) values (100, 'Sed vel enim sit amet nunc viverra dapibus. Nulla suscipit ligula in lacus.', 'Morbi odio odio, elementum eu, interdum eu, tincidunt in, leo.', 41);


insert into Available (id, StartDate, EndDate, HouseId) values (1, '2020-09-23', '2021-09-30', 1);
insert into Available (id, StartDate, EndDate, HouseId) values (2, '2020-09-20', '2021-03-14', 2);
insert into Available (id, StartDate, EndDate, HouseId) values (3, '2020-02-06', '2021-06-16', 3);
insert into Available (id, StartDate, EndDate, HouseId) values (4, '2020-08-27', '2021-04-01', 4);
insert into Available (id, StartDate, EndDate, HouseId) values (5, '2020-06-26', '2021-08-29', 5);
insert into Available (id, StartDate, EndDate, HouseId) values (6, '2020-03-10', '2021-02-03', 6);
insert into Available (id, StartDate, EndDate, HouseId) values (7, '2020-04-03', '2021-07-09', 7);
insert into Available (id, StartDate, EndDate, HouseId) values (8, '2020-03-06', '2021-05-21', 8);
insert into Available (id, StartDate, EndDate, HouseId) values (9, '2020-12-11', '2021-07-10', 9);
insert into Available (id, StartDate, EndDate, HouseId) values (10, '2020-04-21', '2021-10-24', 10);
insert into Available (id, StartDate, EndDate, HouseId) values (11, '2020-10-26', '2021-10-15', 11);
insert into Available (id, StartDate, EndDate, HouseId) values (12, '2020-10-15', '2021-04-28', 12);
insert into Available (id, StartDate, EndDate, HouseId) values (13, '2020-06-17', '2021-10-25', 13);
insert into Available (id, StartDate, EndDate, HouseId) values (14, '2020-03-29', '2021-03-14', 14);
insert into Available (id, StartDate, EndDate, HouseId) values (15, '2020-09-03', '2021-10-15', 15);
insert into Available (id, StartDate, EndDate, HouseId) values (16, '2020-10-01', '2021-04-06', 16);
insert into Available (id, StartDate, EndDate, HouseId) values (17, '2020-10-06', '2021-12-07', 17);
insert into Available (id, StartDate, EndDate, HouseId) values (18, '2020-02-13', '2021-04-12', 18);
insert into Available (id, StartDate, EndDate, HouseId) values (19, '2020-03-01', '2021-09-29', 19);
insert into Available (id, StartDate, EndDate, HouseId) values (20, '2020-11-15', '2021-12-20', 20);
insert into Available (id, StartDate, EndDate, HouseId) values (21, '2020-12-11', '2021-08-31', 21);
insert into Available (id, StartDate, EndDate, HouseId) values (22, '2020-08-10', '2021-04-27', 22);
insert into Available (id, StartDate, EndDate, HouseId) values (23, '2020-12-28', '2021-08-01', 23);
insert into Available (id, StartDate, EndDate, HouseId) values (24, '2020-07-02', '2021-07-06', 24);
insert into Available (id, StartDate, EndDate, HouseId) values (25, '2020-01-20', '2021-02-08', 25);
insert into Available (id, StartDate, EndDate, HouseId) values (26, '2020-10-22', '2021-09-01', 26);
insert into Available (id, StartDate, EndDate, HouseId) values (27, '2020-06-25', '2021-10-29', 27);
insert into Available (id, StartDate, EndDate, HouseId) values (28, '2020-03-25', '2021-12-12', 28);
insert into Available (id, StartDate, EndDate, HouseId) values (29, '2020-07-08', '2021-07-16', 29);
insert into Available (id, StartDate, EndDate, HouseId) values (30, '2020-08-07', '2021-03-24', 30);
insert into Available (id, StartDate, EndDate, HouseId) values (31, '2020-09-20', '2021-12-09', 31);
insert into Available (id, StartDate, EndDate, HouseId) values (32, '2020-06-17', '2021-06-16', 32);
insert into Available (id, StartDate, EndDate, HouseId) values (33, '2020-09-03', '2021-07-20', 33);
insert into Available (id, StartDate, EndDate, HouseId) values (34, '2020-11-19', '2021-05-20', 34);
insert into Available (id, StartDate, EndDate, HouseId) values (35, '2020-01-17', '2021-07-25', 35);
insert into Available (id, StartDate, EndDate, HouseId) values (36, '2020-10-07', '2021-05-03', 36);
insert into Available (id, StartDate, EndDate, HouseId) values (37, '2020-02-02', '2021-09-20', 37);
insert into Available (id, StartDate, EndDate, HouseId) values (38, '2020-11-12', '2021-08-08', 38);
insert into Available (id, StartDate, EndDate, HouseId) values (39, '2020-06-17', '2021-09-16', 39);
insert into Available (id, StartDate, EndDate, HouseId) values (40, '2020-11-21', '2021-03-15', 40);
insert into Available (id, StartDate, EndDate, HouseId) values (41, '2020-07-28', '2021-04-20', 41);
insert into Available (id, StartDate, EndDate, HouseId) values (42, '2020-05-05', '2021-09-16', 42);
insert into Available (id, StartDate, EndDate, HouseId) values (43, '2020-01-08', '2021-05-30', 43);
insert into Available (id, StartDate, EndDate, HouseId) values (44, '2020-08-02', '2021-11-21', 44);
insert into Available (id, StartDate, EndDate, HouseId) values (45, '2020-01-03', '2021-08-12', 45);
insert into Available (id, StartDate, EndDate, HouseId) values (46, '2020-09-06', '2021-03-15', 46);
insert into Available (id, StartDate, EndDate, HouseId) values (47, '2020-02-14', '2021-09-25', 47);
insert into Available (id, StartDate, EndDate, HouseId) values (48, '2020-12-10', '2021-03-25', 48);
insert into Available (id, StartDate, EndDate, HouseId) values (49, '2020-05-20', '2021-10-06', 49);
insert into Available (id, StartDate, EndDate, HouseId) values (50, '2020-12-02', '2021-10-12', 50);



insert into Review (Id, Rating) values (1, 4.6);
insert into Review (Id, Rating) values (2, 1.5);
insert into Review (Id, Rating) values (3, 4.8);
insert into Review (Id, Rating) values (4, 2.8);
insert into Review (Id, Rating) values (5, 1.7);
insert into Review (Id, Rating) values (6, 5.0);
insert into Review (Id, Rating) values (7, 4.5);
insert into Review (Id, Rating) values (8, 4.4);
insert into Review (Id, Rating) values (9, 4.9);
insert into Review (Id, Rating) values (10, 2.6);
insert into Review (Id, Rating) values (11, 4.6);
insert into Review (Id, Rating) values (12, 4.9);
insert into Review (Id, Rating) values (13, 3.0);
insert into Review (Id, Rating) values (14, 4.6);
insert into Review (Id, Rating) values (15, 4.3);
insert into Review (Id, Rating) values (16, 1.1);
insert into Review (Id, Rating) values (17, 1.8);
insert into Review (Id, Rating) values (18, 2.8);
insert into Review (Id, Rating) values (19, 4.8);
insert into Review (Id, Rating) values (20, 1.4);
insert into Review (Id, Rating) values (21, 4.9);
insert into Review (Id, Rating) values (22, 2.1);
insert into Review (Id, Rating) values (23, 3.6);
insert into Review (Id, Rating) values (24, 3.5);
insert into Review (Id, Rating) values (25, 3.3);
insert into Review (Id, Rating) values (26, 2.4);
insert into Review (Id, Rating) values (27, 2.8);
insert into Review (Id, Rating) values (28, 2.5);
insert into Review (Id, Rating) values (29, 2.2);
insert into Review (Id, Rating) values (30, 1.6);
insert into Review (Id, Rating) values (31, 3.0);
insert into Review (Id, Rating) values (32, 3.1);
insert into Review (Id, Rating) values (33, 4.8);
insert into Review (Id, Rating) values (34, 2.5);
insert into Review (Id, Rating) values (35, 1.7);
insert into Review (Id, Rating) values (36, 2.0);
insert into Review (Id, Rating) values (37, 2.0);
insert into Review (Id, Rating) values (38, 4.1);
insert into Review (Id, Rating) values (39, 3.6);
insert into Review (Id, Rating) values (40, 5.0);
insert into Review (Id, Rating) values (41, 4.9);
insert into Review (Id, Rating) values (42, 3.4);
insert into Review (Id, Rating) values (43, 3.2);
insert into Review (Id, Rating) values (44, 4.9);
insert into Review (Id, Rating) values (45, 2.6);
insert into Review (Id, Rating) values (46, 4.5);
insert into Review (Id, Rating) values (47, 2.1);
insert into Review (Id, Rating) values (48, 2.0);
insert into Review (Id, Rating) values (49, 3.6);
insert into Review (Id, Rating) values (50, 2.5);
insert into Review (Id, Rating) values (51, 1.6);
insert into Review (Id, Rating) values (52, 4.3);
insert into Review (Id, Rating) values (53, 4.1);
insert into Review (Id, Rating) values (54, 3.9);
insert into Review (Id, Rating) values (55, 2.7);
insert into Review (Id, Rating) values (56, 2.6);
insert into Review (Id, Rating) values (57, 2.5);
insert into Review (Id, Rating) values (58, 5.0);
insert into Review (Id, Rating) values (59, 2.9);
insert into Review (Id, Rating) values (60, 1.3);
insert into Review (Id, Rating) values (61, 1.1);
insert into Review (Id, Rating) values (62, 1.5);
insert into Review (Id, Rating) values (63, 2.1);
insert into Review (Id, Rating) values (64, 3.1);
insert into Review (Id, Rating) values (65, 4.5);
insert into Review (Id, Rating) values (66, 1.0);
insert into Review (Id, Rating) values (67, 4.7);
insert into Review (Id, Rating) values (68, 2.4);
insert into Review (Id, Rating) values (69, 2.8);
insert into Review (Id, Rating) values (70, 2.2);
insert into Review (Id, Rating) values (71, 1.3);
insert into Review (Id, Rating) values (72, 3.6);
insert into Review (Id, Rating) values (73, 1.1);
insert into Review (Id, Rating) values (74, 1.3);
insert into Review (Id, Rating) values (75, 2.6);
insert into Review (Id, Rating) values (76, 1.0);
insert into Review (Id, Rating) values (77, 2.4);
insert into Review (Id, Rating) values (78, 1.1);
insert into Review (Id, Rating) values (79, 4.0);
insert into Review (Id, Rating) values (80, 1.9);
insert into Review (Id, Rating) values (81, 4.0);
insert into Review (Id, Rating) values (82, 3.6);
insert into Review (Id, Rating) values (83, 2.0);
insert into Review (Id, Rating) values (84, 1.6);
insert into Review (Id, Rating) values (85, 1.6);
insert into Review (Id, Rating) values (86, 1.1);
insert into Review (Id, Rating) values (87, 3.3);
insert into Review (Id, Rating) values (88, 3.3);
insert into Review (Id, Rating) values (89, 2.1);
insert into Review (Id, Rating) values (90, 4.2);
insert into Review (Id, Rating) values (91, 5.0);
insert into Review (Id, Rating) values (92, 1.1);
insert into Review (Id, Rating) values (93, 2.8);
insert into Review (Id, Rating) values (94, 4.9);
insert into Review (Id, Rating) values (95, 4.0);
insert into Review (Id, Rating) values (96, 1.4);
insert into Review (Id, Rating) values (97, 4.4);
insert into Review (Id, Rating) values (98, 1.6);
insert into Review (Id, Rating) values (99, 4.5);
insert into Review (Id, Rating) values (100, 4.7);
insert into Review (Id, Rating) values (101, 1.4);
insert into Review (Id, Rating) values (102, 4.4);
insert into Review (Id, Rating) values (103, 1.8);
insert into Review (Id, Rating) values (104, 4.4);
insert into Review (Id, Rating) values (105, 4.2);
insert into Review (Id, Rating) values (106, 4.3);
insert into Review (Id, Rating) values (107, 2.8);
insert into Review (Id, Rating) values (108, 3.4);
insert into Review (Id, Rating) values (109, 3.9);
insert into Review (Id, Rating) values (110, 2.0);
insert into Review (Id, Rating) values (111, 2.8);
insert into Review (Id, Rating) values (112, 1.4);
insert into Review (Id, Rating) values (113, 2.9);
insert into Review (Id, Rating) values (114, 3.9);
insert into Review (Id, Rating) values (115, 3.7);
insert into Review (Id, Rating) values (116, 1.4);
insert into Review (Id, Rating) values (117, 1.9);
insert into Review (Id, Rating) values (118, 3.6);
insert into Review (Id, Rating) values (119, 2.5);
insert into Review (Id, Rating) values (120, 4.9);
insert into Review (Id, Rating) values (121, 3.4);
insert into Review (Id, Rating) values (122, 1.6);
insert into Review (Id, Rating) values (123, 3.6);
insert into Review (Id, Rating) values (124, 2.0);
insert into Review (Id, Rating) values (125, 2.9);
insert into Review (Id, Rating) values (126, 4.0);
insert into Review (Id, Rating) values (127, 4.3);
insert into Review (Id, Rating) values (128, 2.2);
insert into Review (Id, Rating) values (129, 4.3);
insert into Review (Id, Rating) values (130, 1.9);
insert into Review (Id, Rating) values (131, 3.7);
insert into Review (Id, Rating) values (132, 4.9);
insert into Review (Id, Rating) values (133, 2.6);
insert into Review (Id, Rating) values (134, 3.3);
insert into Review (Id, Rating) values (135, 3.8);
insert into Review (Id, Rating) values (136, 4.2);
insert into Review (Id, Rating) values (137, 2.2);
insert into Review (Id, Rating) values (138, 3.0);
insert into Review (Id, Rating) values (139, 2.4);
insert into Review (Id, Rating) values (140, 2.6);
insert into Review (Id, Rating) values (141, 4.3);
insert into Review (Id, Rating) values (142, 2.8);
insert into Review (Id, Rating) values (143, 2.3);
insert into Review (Id, Rating) values (144, 3.9);
insert into Review (Id, Rating) values (145, 3.4);
insert into Review (Id, Rating) values (146, 3.8);
insert into Review (Id, Rating) values (147, 3.3);
insert into Review (Id, Rating) values (148, 3.6);
insert into Review (Id, Rating) values (149, 4.2);
insert into Review (Id, Rating) values (150, 1.4);
insert into Review (Id, Rating) values (151, 1.3);
insert into Review (Id, Rating) values (152, 3.8);
insert into Review (Id, Rating) values (153, 2.4);
insert into Review (Id, Rating) values (154, 1.0);
insert into Review (Id, Rating) values (155, 2.2);
insert into Review (Id, Rating) values (156, 3.6);
insert into Review (Id, Rating) values (157, 1.9);
insert into Review (Id, Rating) values (158, 4.6);
insert into Review (Id, Rating) values (159, 3.9);
insert into Review (Id, Rating) values (160, 2.9);
insert into Review (Id, Rating) values (161, 2.2);
insert into Review (Id, Rating) values (162, 4.8);
insert into Review (Id, Rating) values (163, 4.7);
insert into Review (Id, Rating) values (164, 4.3);
insert into Review (Id, Rating) values (165, 2.4);
insert into Review (Id, Rating) values (166, 1.5);
insert into Review (Id, Rating) values (167, 4.0);
insert into Review (Id, Rating) values (168, 2.9);
insert into Review (Id, Rating) values (169, 2.1);
insert into Review (Id, Rating) values (170, 2.2);
insert into Review (Id, Rating) values (171, 3.8);
insert into Review (Id, Rating) values (172, 1.2);
insert into Review (Id, Rating) values (173, 5.0);
insert into Review (Id, Rating) values (174, 3.2);
insert into Review (Id, Rating) values (175, 1.2);
insert into Review (Id, Rating) values (176, 3.7);
insert into Review (Id, Rating) values (177, 4.4);
insert into Review (Id, Rating) values (178, 5.0);
insert into Review (Id, Rating) values (179, 4.6);
insert into Review (Id, Rating) values (180, 3.3);
insert into Review (Id, Rating) values (181, 2.6);
insert into Review (Id, Rating) values (182, 4.6);
insert into Review (Id, Rating) values (183, 1.9);
insert into Review (Id, Rating) values (184, 1.9);
insert into Review (Id, Rating) values (185, 1.2);
insert into Review (Id, Rating) values (186, 4.4);
insert into Review (Id, Rating) values (187, 4.4);
insert into Review (Id, Rating) values (188, 2.5);
insert into Review (Id, Rating) values (189, 3.5);
insert into Review (Id, Rating) values (190, 2.5);
insert into Review (Id, Rating) values (191, 4.6);
insert into Review (Id, Rating) values (192, 4.5);
insert into Review (Id, Rating) values (193, 2.5);
insert into Review (Id, Rating) values (194, 3.2);
insert into Review (Id, Rating) values (195, 1.9);
insert into Review (Id, Rating) values (196, 2.2);
insert into Review (Id, Rating) values (197, 1.8);
insert into Review (Id, Rating) values (198, 2.2);
insert into Review (Id, Rating) values (199, 3.0);
insert into Review (Id, Rating) values (200, 1.8);

insert into Comment (Id, Text, Date, ReviewId) values (1, 'Cras non velit nec nisi vulputate nonummy. Maecenas tincidunt lacus at velit. Vivamus vel nulla eget eros elementum pellentesque.', '11/4/2020', 1);
insert into Comment (Id, Text, Date, ReviewId) values (2, 'Integer ac leo. Pellentesque ultrices mattis odio. Donec vitae nisi.', '5/11/2020', 2);
insert into Comment (Id, Text, Date, ReviewId) values (3, 'Maecenas leo odio, condimentum id, luctus nec, molestie sed, justo. Pellentesque viverra pede ac diam. Cras pellentesque volutpat dui.', '11/4/2020', 3);
insert into Comment (Id, Text, Date, ReviewId) values (4, 'Proin leo odio, porttitor id, consequat in, consequat ut, nulla. Sed accumsan felis. Ut at dolor quis odio consequat varius.', '10/24/2020', 4);
insert into Comment (Id, Text, Date, ReviewId) values (5, 'Vestibulum ac est lacinia nisi venenatis tristique. Fusce congue, diam id ornare imperdiet, sapien urna pretium nisl, ut volutpat sapien arcu sed augue. Aliquam erat volutpat.', '1/21/2020', 5);
insert into Comment (Id, Text, Date, ReviewId) values (6, 'Quisque porta volutpat erat. Quisque erat eros, viverra eget, congue eget, semper rutrum, nulla. Nunc purus.', '12/19/2019', 6);
insert into Comment (Id, Text, Date, ReviewId) values (7, 'Sed sagittis. Nam congue, risus semper porta volutpat, quam pede lobortis ligula, sit amet eleifend pede libero quis orci. Nullam molestie nibh in lectus.', '4/22/2020', 7);
insert into Comment (Id, Text, Date, ReviewId) values (8, 'Aenean lectus. Pellentesque eget nunc. Donec quis orci eget orci vehicula condimentum.', '4/23/2020', 8);
insert into Comment (Id, Text, Date, ReviewId) values (9, 'Duis aliquam convallis nunc. Proin at turpis a pede posuere nonummy. Integer non velit.', '12/29/2019', 9);
insert into Comment (Id, Text, Date, ReviewId) values (10, 'Sed ante. Vivamus tortor. Duis mattis egestas metus.', '3/24/2020', 10);
insert into Comment (Id, Text, Date, ReviewId) values (11, 'Cras non velit nec nisi vulputate nonummy. Maecenas tincidunt lacus at velit. Vivamus vel nulla eget eros elementum pellentesque.', '12/10/2019', 11);
insert into Comment (Id, Text, Date, ReviewId) values (12, 'Duis aliquam convallis nunc. Proin at turpis a pede posuere nonummy. Integer non velit.', '2/4/2020', 12);
insert into Comment (Id, Text, Date, ReviewId) values (13, 'In hac habitasse platea dictumst. Etiam faucibus cursus urna. Ut tellus.', '1/29/2020', 13);
insert into Comment (Id, Text, Date, ReviewId) values (14, 'Duis bibendum. Morbi non quam nec dui luctus rutrum. Nulla tellus.', '8/8/2020', 14);
insert into Comment (Id, Text, Date, ReviewId) values (15, 'Cras non velit nec nisi vulputate nonummy. Maecenas tincidunt lacus at velit. Vivamus vel nulla eget eros elementum pellentesque.', '2/11/2020', 15);
insert into Comment (Id, Text, Date, ReviewId) values (16, 'Phasellus sit amet erat. Nulla tempus. Vivamus in felis eu sapien cursus vestibulum.', '7/31/2020', 16);
insert into Comment (Id, Text, Date, ReviewId) values (17, 'Praesent blandit. Nam nulla. Integer pede justo, lacinia eget, tincidunt eget, tempus vel, pede.', '8/20/2020', 17);
insert into Comment (Id, Text, Date, ReviewId) values (18, 'Suspendisse potenti. In eleifend quam a odio. In hac habitasse platea dictumst.', '2/1/2020', 18);
insert into Comment (Id, Text, Date, ReviewId) values (19, 'In hac habitasse platea dictumst. Morbi vestibulum, velit id pretium iaculis, diam erat fermentum justo, nec condimentum neque sapien placerat ante. Nulla justo.', '4/23/2020', 19);
insert into Comment (Id, Text, Date, ReviewId) values (20, 'Aenean fermentum. Donec ut mauris eget massa tempor convallis. Nulla neque libero, convallis eget, eleifend luctus, ultricies eu, nibh.', '9/4/2020', 20);
insert into Comment (Id, Text, Date, ReviewId) values (21, 'Morbi porttitor lorem id ligula. Suspendisse ornare consequat lectus. In est risus, auctor sed, tristique in, tempus sit amet, sem.', '8/10/2020', 21);
insert into Comment (Id, Text, Date, ReviewId) values (22, 'Etiam vel augue. Vestibulum rutrum rutrum neque. Aenean auctor gravida sem.', '5/10/2020', 22);
insert into Comment (Id, Text, Date, ReviewId) values (23, 'Duis bibendum. Morbi non quam nec dui luctus rutrum. Nulla tellus.', '3/6/2020', 23);
insert into Comment (Id, Text, Date, ReviewId) values (24, 'Proin leo odio, porttitor id, consequat in, consequat ut, nulla. Sed accumsan felis. Ut at dolor quis odio consequat varius.', '11/28/2019', 24);
insert into Comment (Id, Text, Date, ReviewId) values (25, 'Integer ac leo. Pellentesque ultrices mattis odio. Donec vitae nisi.', '11/27/2019', 25);
insert into Comment (Id, Text, Date, ReviewId) values (26, 'In sagittis dui vel nisl. Duis ac nibh. Fusce lacus purus, aliquet at, feugiat non, pretium quis, lectus.', '1/18/2020', 26);
insert into Comment (Id, Text, Date, ReviewId) values (27, 'Nullam sit amet turpis elementum ligula vehicula consequat. Morbi a ipsum. Integer a nibh.', '3/4/2020', 27);
insert into Comment (Id, Text, Date, ReviewId) values (28, 'Proin eu mi. Nulla ac enim. In tempor, turpis nec euismod scelerisque, quam turpis adipiscing lorem, vitae mattis nibh ligula nec sem.', '11/16/2019', 28);
insert into Comment (Id, Text, Date, ReviewId) values (29, 'Pellentesque at nulla. Suspendisse potenti. Cras in purus eu magna vulputate luctus.', '3/11/2020', 29);
insert into Comment (Id, Text, Date, ReviewId) values (30, 'Lorem ipsum dolor sit amet, consectetuer adipiscing elit. Proin risus. Praesent lectus.', '6/12/2020', 30);
insert into Comment (Id, Text, Date, ReviewId) values (31, 'In hac habitasse platea dictumst. Morbi vestibulum, velit id pretium iaculis, diam erat fermentum justo, nec condimentum neque sapien placerat ante. Nulla justo.', '9/12/2020', 31);
insert into Comment (Id, Text, Date, ReviewId) values (32, 'Quisque id justo sit amet sapien dignissim vestibulum. Vestibulum ante ipsum primis in faucibus orci luctus et ultrices posuere cubilia Curae; Nulla dapibus dolor vel est. Donec odio justo, sollicitudin ut, suscipit a, feugiat et, eros.', '7/2/2020', 32);
insert into Comment (Id, Text, Date, ReviewId) values (33, 'Cum sociis natoque penatibus et magnis dis parturient montes, nascetur ridiculus mus. Vivamus vestibulum sagittis sapien. Cum sociis natoque penatibus et magnis dis parturient montes, nascetur ridiculus mus.', '12/10/2019', 33);
insert into Comment (Id, Text, Date, ReviewId) values (34, 'Pellentesque at nulla. Suspendisse potenti. Cras in purus eu magna vulputate luctus.', '7/9/2020', 34);
insert into Comment (Id, Text, Date, ReviewId) values (35, 'Nulla ut erat id mauris vulputate elementum. Nullam varius. Nulla facilisi.', '12/21/2019', 35);
insert into Comment (Id, Text, Date, ReviewId) values (36, 'Maecenas ut massa quis augue luctus tincidunt. Nulla mollis molestie lorem. Quisque ut erat.', '12/14/2019', 36);
insert into Comment (Id, Text, Date, ReviewId) values (37, 'Aenean fermentum. Donec ut mauris eget massa tempor convallis. Nulla neque libero, convallis eget, eleifend luctus, ultricies eu, nibh.', '12/18/2019', 37);
insert into Comment (Id, Text, Date, ReviewId) values (38, 'Nullam sit amet turpis elementum ligula vehicula consequat. Morbi a ipsum. Integer a nibh.', '12/29/2019', 38);
insert into Comment (Id, Text, Date, ReviewId) values (39, 'Morbi non lectus. Aliquam sit amet diam in magna bibendum imperdiet. Nullam orci pede, venenatis non, sodales sed, tincidunt eu, felis.', '5/13/2020', 39);
insert into Comment (Id, Text, Date, ReviewId) values (40, 'Sed ante. Vivamus tortor. Duis mattis egestas metus.', '2/22/2020', 40);
insert into Comment (Id, Text, Date, ReviewId) values (41, 'In hac habitasse platea dictumst. Etiam faucibus cursus urna. Ut tellus.', '5/5/2020', 41);
insert into Comment (Id, Text, Date, ReviewId) values (42, 'Maecenas ut massa quis augue luctus tincidunt. Nulla mollis molestie lorem. Quisque ut erat.', '6/3/2020', 42);
insert into Comment (Id, Text, Date, ReviewId) values (43, 'Integer tincidunt ante vel ipsum. Praesent blandit lacinia erat. Vestibulum sed magna at nunc commodo placerat.', '8/3/2020', 43);
insert into Comment (Id, Text, Date, ReviewId) values (44, 'Praesent id massa id nisl venenatis lacinia. Aenean sit amet justo. Morbi ut odio.', '12/10/2019', 44);
insert into Comment (Id, Text, Date, ReviewId) values (45, 'In hac habitasse platea dictumst. Etiam faucibus cursus urna. Ut tellus.', '2/7/2020', 45);
insert into Comment (Id, Text, Date, ReviewId) values (46, 'Maecenas ut massa quis augue luctus tincidunt. Nulla mollis molestie lorem. Quisque ut erat.', '10/29/2020', 46);
insert into Comment (Id, Text, Date, ReviewId) values (47, 'Fusce posuere felis sed lacus. Morbi sem mauris, laoreet ut, rhoncus aliquet, pulvinar sed, nisl. Nunc rhoncus dui vel sem.', '9/22/2020', 47);
insert into Comment (Id, Text, Date, ReviewId) values (48, 'Cum sociis natoque penatibus et magnis dis parturient montes, nascetur ridiculus mus. Vivamus vestibulum sagittis sapien. Cum sociis natoque penatibus et magnis dis parturient montes, nascetur ridiculus mus.', '10/13/2020', 48);
insert into Comment (Id, Text, Date, ReviewId) values (49, 'In hac habitasse platea dictumst. Morbi vestibulum, velit id pretium iaculis, diam erat fermentum justo, nec condimentum neque sapien placerat ante. Nulla justo.', '1/6/2020', 49);
insert into Comment (Id, Text, Date, ReviewId) values (50, 'Curabitur gravida nisi at nibh. In hac habitasse platea dictumst. Aliquam augue quam, sollicitudin vitae, consectetuer eget, rutrum at, lorem.', '7/15/2020', 50);
insert into Comment (Id, Text, Date, ReviewId) values (51, 'Duis aliquam convallis nunc. Proin at turpis a pede posuere nonummy. Integer non velit.', '3/19/2020', 51);
insert into Comment (Id, Text, Date, ReviewId) values (52, 'Lorem ipsum dolor sit amet, consectetuer adipiscing elit. Proin risus. Praesent lectus.', '4/7/2020', 52);
insert into Comment (Id, Text, Date, ReviewId) values (53, 'In hac habitasse platea dictumst. Morbi vestibulum, velit id pretium iaculis, diam erat fermentum justo, nec condimentum neque sapien placerat ante. Nulla justo.', '2/15/2020', 53);
insert into Comment (Id, Text, Date, ReviewId) values (54, 'Proin interdum mauris non ligula pellentesque ultrices. Phasellus id sapien in sapien iaculis congue. Vivamus metus arcu, adipiscing molestie, hendrerit at, vulputate vitae, nisl.', '8/28/2020', 54);
insert into Comment (Id, Text, Date, ReviewId) values (55, 'Curabitur at ipsum ac tellus semper interdum. Mauris ullamcorper purus sit amet nulla. Quisque arcu libero, rutrum ac, lobortis vel, dapibus at, diam.', '6/12/2020', 55);
insert into Comment (Id, Text, Date, ReviewId) values (56, 'Praesent blandit. Nam nulla. Integer pede justo, lacinia eget, tincidunt eget, tempus vel, pede.', '10/19/2020', 56);
insert into Comment (Id, Text, Date, ReviewId) values (57, 'Praesent blandit. Nam nulla. Integer pede justo, lacinia eget, tincidunt eget, tempus vel, pede.', '6/12/2020', 57);
insert into Comment (Id, Text, Date, ReviewId) values (58, 'Pellentesque at nulla. Suspendisse potenti. Cras in purus eu magna vulputate luctus.', '8/6/2020', 58);
insert into Comment (Id, Text, Date, ReviewId) values (59, 'Fusce consequat. Nulla nisl. Nunc nisl.', '1/1/2020', 59);
insert into Comment (Id, Text, Date, ReviewId) values (60, 'Sed ante. Vivamus tortor. Duis mattis egestas metus.', '4/30/2020', 60);
insert into Comment (Id, Text, Date, ReviewId) values (61, 'Fusce posuere felis sed lacus. Morbi sem mauris, laoreet ut, rhoncus aliquet, pulvinar sed, nisl. Nunc rhoncus dui vel sem.', '12/13/2019', 61);
insert into Comment (Id, Text, Date, ReviewId) values (62, 'Vestibulum ac est lacinia nisi venenatis tristique. Fusce congue, diam id ornare imperdiet, sapien urna pretium nisl, ut volutpat sapien arcu sed augue. Aliquam erat volutpat.', '12/3/2019', 62);
insert into Comment (Id, Text, Date, ReviewId) values (63, 'Aenean lectus. Pellentesque eget nunc. Donec quis orci eget orci vehicula condimentum.', '6/11/2020', 63);
insert into Comment (Id, Text, Date, ReviewId) values (64, 'Maecenas tristique, est et tempus semper, est quam pharetra magna, ac consequat metus sapien ut nunc. Vestibulum ante ipsum primis in faucibus orci luctus et ultrices posuere cubilia Curae; Mauris viverra diam vitae quam. Suspendisse potenti.', '1/8/2020', 64);
insert into Comment (Id, Text, Date, ReviewId) values (65, 'Nam ultrices, libero non mattis pulvinar, nulla pede ullamcorper augue, a suscipit nulla elit ac nulla. Sed vel enim sit amet nunc viverra dapibus. Nulla suscipit ligula in lacus.', '8/25/2020', 65);
insert into Comment (Id, Text, Date, ReviewId) values (66, 'Pellentesque at nulla. Suspendisse potenti. Cras in purus eu magna vulputate luctus.', '7/5/2020', 66);
insert into Comment (Id, Text, Date, ReviewId) values (67, 'In hac habitasse platea dictumst. Morbi vestibulum, velit id pretium iaculis, diam erat fermentum justo, nec condimentum neque sapien placerat ante. Nulla justo.', '11/29/2019', 67);
insert into Comment (Id, Text, Date, ReviewId) values (68, 'In quis justo. Maecenas rhoncus aliquam lacus. Morbi quis tortor id nulla ultrices aliquet.', '11/11/2019', 68);
insert into Comment (Id, Text, Date, ReviewId) values (69, 'Sed ante. Vivamus tortor. Duis mattis egestas metus.', '9/9/2020', 69);
insert into Comment (Id, Text, Date, ReviewId) values (70, 'Duis bibendum, felis sed interdum venenatis, turpis enim blandit mi, in porttitor pede justo eu massa. Donec dapibus. Duis at velit eu est congue elementum.', '4/7/2020', 70);
insert into Comment (Id, Text, Date, ReviewId) values (71, 'Quisque porta volutpat erat. Quisque erat eros, viverra eget, congue eget, semper rutrum, nulla. Nunc purus.', '5/4/2020', 71);
insert into Comment (Id, Text, Date, ReviewId) values (72, 'Cum sociis natoque penatibus et magnis dis parturient montes, nascetur ridiculus mus. Vivamus vestibulum sagittis sapien. Cum sociis natoque penatibus et magnis dis parturient montes, nascetur ridiculus mus.', '9/8/2020', 72);
insert into Comment (Id, Text, Date, ReviewId) values (73, 'Praesent blandit. Nam nulla. Integer pede justo, lacinia eget, tincidunt eget, tempus vel, pede.', '7/23/2020', 73);
insert into Comment (Id, Text, Date, ReviewId) values (74, 'Aenean fermentum. Donec ut mauris eget massa tempor convallis. Nulla neque libero, convallis eget, eleifend luctus, ultricies eu, nibh.', '5/19/2020', 74);
insert into Comment (Id, Text, Date, ReviewId) values (75, 'Praesent id massa id nisl venenatis lacinia. Aenean sit amet justo. Morbi ut odio.', '11/25/2019', 75);
insert into Comment (Id, Text, Date, ReviewId) values (76, 'Proin leo odio, porttitor id, consequat in, consequat ut, nulla. Sed accumsan felis. Ut at dolor quis odio consequat varius.', '11/26/2019', 76);
insert into Comment (Id, Text, Date, ReviewId) values (77, 'Aenean fermentum. Donec ut mauris eget massa tempor convallis. Nulla neque libero, convallis eget, eleifend luctus, ultricies eu, nibh.', '10/20/2020', 77);
insert into Comment (Id, Text, Date, ReviewId) values (78, 'Nullam sit amet turpis elementum ligula vehicula consequat. Morbi a ipsum. Integer a nibh.', '6/23/2020', 78);
insert into Comment (Id, Text, Date, ReviewId) values (79, 'Mauris enim leo, rhoncus sed, vestibulum sit amet, cursus id, turpis. Integer aliquet, massa id lobortis convallis, tortor risus dapibus augue, vel accumsan tellus nisi eu orci. Mauris lacinia sapien quis libero.', '11/18/2019', 79);
insert into Comment (Id, Text, Date, ReviewId) values (80, 'Fusce consequat. Nulla nisl. Nunc nisl.', '12/26/2019', 80);
insert into Comment (Id, Text, Date, ReviewId) values (81, 'Duis bibendum, felis sed interdum venenatis, turpis enim blandit mi, in porttitor pede justo eu massa. Donec dapibus. Duis at velit eu est congue elementum.', '2/7/2020', 81);
insert into Comment (Id, Text, Date, ReviewId) values (82, 'Proin leo odio, porttitor id, consequat in, consequat ut, nulla. Sed accumsan felis. Ut at dolor quis odio consequat varius.', '8/9/2020', 82);
insert into Comment (Id, Text, Date, ReviewId) values (83, 'Phasellus in felis. Donec semper sapien a libero. Nam dui.', '1/20/2020', 83);
insert into Comment (Id, Text, Date, ReviewId) values (84, 'Duis bibendum. Morbi non quam nec dui luctus rutrum. Nulla tellus.', '9/20/2020', 84);
insert into Comment (Id, Text, Date, ReviewId) values (85, 'Sed sagittis. Nam congue, risus semper porta volutpat, quam pede lobortis ligula, sit amet eleifend pede libero quis orci. Nullam molestie nibh in lectus.', '7/7/2020', 85);
insert into Comment (Id, Text, Date, ReviewId) values (86, 'Lorem ipsum dolor sit amet, consectetuer adipiscing elit. Proin risus. Praesent lectus.', '2/15/2020', 86);
insert into Comment (Id, Text, Date, ReviewId) values (87, 'In hac habitasse platea dictumst. Etiam faucibus cursus urna. Ut tellus.', '5/4/2020', 87);
insert into Comment (Id, Text, Date, ReviewId) values (88, 'Proin interdum mauris non ligula pellentesque ultrices. Phasellus id sapien in sapien iaculis congue. Vivamus metus arcu, adipiscing molestie, hendrerit at, vulputate vitae, nisl.', '12/19/2019', 88);
insert into Comment (Id, Text, Date, ReviewId) values (89, 'In hac habitasse platea dictumst. Morbi vestibulum, velit id pretium iaculis, diam erat fermentum justo, nec condimentum neque sapien placerat ante. Nulla justo.', '8/7/2020', 89);
insert into Comment (Id, Text, Date, ReviewId) values (90, 'Cum sociis natoque penatibus et magnis dis parturient montes, nascetur ridiculus mus. Vivamus vestibulum sagittis sapien. Cum sociis natoque penatibus et magnis dis parturient montes, nascetur ridiculus mus.', '4/24/2020', 90);
insert into Comment (Id, Text, Date, ReviewId) values (91, 'Sed sagittis. Nam congue, risus semper porta volutpat, quam pede lobortis ligula, sit amet eleifend pede libero quis orci. Nullam molestie nibh in lectus.', '5/18/2020', 91);
insert into Comment (Id, Text, Date, ReviewId) values (92, 'In hac habitasse platea dictumst. Morbi vestibulum, velit id pretium iaculis, diam erat fermentum justo, nec condimentum neque sapien placerat ante. Nulla justo.', '12/16/2019', 92);
insert into Comment (Id, Text, Date, ReviewId) values (93, 'Duis aliquam convallis nunc. Proin at turpis a pede posuere nonummy. Integer non velit.', '1/11/2020', 93);
insert into Comment (Id, Text, Date, ReviewId) values (94, 'Cras non velit nec nisi vulputate nonummy. Maecenas tincidunt lacus at velit. Vivamus vel nulla eget eros elementum pellentesque.', '3/4/2020', 94);
insert into Comment (Id, Text, Date, ReviewId) values (95, 'Pellentesque at nulla. Suspendisse potenti. Cras in purus eu magna vulputate luctus.', '1/19/2020', 95);
insert into Comment (Id, Text, Date, ReviewId) values (96, 'Nam ultrices, libero non mattis pulvinar, nulla pede ullamcorper augue, a suscipit nulla elit ac nulla. Sed vel enim sit amet nunc viverra dapibus. Nulla suscipit ligula in lacus.', '7/28/2020', 96);
insert into Comment (Id, Text, Date, ReviewId) values (97, 'Vestibulum ac est lacinia nisi venenatis tristique. Fusce congue, diam id ornare imperdiet, sapien urna pretium nisl, ut volutpat sapien arcu sed augue. Aliquam erat volutpat.', '9/26/2020', 97);
insert into Comment (Id, Text, Date, ReviewId) values (98, 'Duis consequat dui nec nisi volutpat eleifend. Donec ut dolor. Morbi vel lectus in quam fringilla rhoncus.', '5/1/2020', 98);
insert into Comment (Id, Text, Date, ReviewId) values (99, 'Aenean lectus. Pellentesque eget nunc. Donec quis orci eget orci vehicula condimentum.', '3/1/2020', 99);
insert into Comment (Id, Text, Date, ReviewId) values (100, 'Lorem ipsum dolor sit amet, consectetuer adipiscing elit. Proin risus. Praesent lectus.', '6/20/2020', 100);
insert into Comment (Id, Text, Date, ReviewId) values (101, 'Quisque porta volutpat erat. Quisque erat eros, viverra eget, congue eget, semper rutrum, nulla. Nunc purus.', '8/10/2020', 101);
insert into Comment (Id, Text, Date, ReviewId) values (102, 'Nullam sit amet turpis elementum ligula vehicula consequat. Morbi a ipsum. Integer a nibh.', '8/22/2020', 102);
insert into Comment (Id, Text, Date, ReviewId) values (103, 'Integer tincidunt ante vel ipsum. Praesent blandit lacinia erat. Vestibulum sed magna at nunc commodo placerat.', '1/30/2020', 103);
insert into Comment (Id, Text, Date, ReviewId) values (104, 'Sed sagittis. Nam congue, risus semper porta volutpat, quam pede lobortis ligula, sit amet eleifend pede libero quis orci. Nullam molestie nibh in lectus.', '12/30/2019', 104);
insert into Comment (Id, Text, Date, ReviewId) values (105, 'Fusce posuere felis sed lacus. Morbi sem mauris, laoreet ut, rhoncus aliquet, pulvinar sed, nisl. Nunc rhoncus dui vel sem.', '7/31/2020', 105);
insert into Comment (Id, Text, Date, ReviewId) values (106, 'Morbi non lectus. Aliquam sit amet diam in magna bibendum imperdiet. Nullam orci pede, venenatis non, sodales sed, tincidunt eu, felis.', '3/20/2020', 106);
insert into Comment (Id, Text, Date, ReviewId) values (107, 'Nulla ut erat id mauris vulputate elementum. Nullam varius. Nulla facilisi.', '9/6/2020', 107);
insert into Comment (Id, Text, Date, ReviewId) values (108, 'Phasellus in felis. Donec semper sapien a libero. Nam dui.', '4/1/2020', 108);
insert into Comment (Id, Text, Date, ReviewId) values (109, 'Etiam vel augue. Vestibulum rutrum rutrum neque. Aenean auctor gravida sem.', '3/7/2020', 109);
insert into Comment (Id, Text, Date, ReviewId) values (110, 'Nulla ut erat id mauris vulputate elementum. Nullam varius. Nulla facilisi.', '8/18/2020', 110);
insert into Comment (Id, Text, Date, ReviewId) values (111, 'In congue. Etiam justo. Etiam pretium iaculis justo.', '1/31/2020', 111);
insert into Comment (Id, Text, Date, ReviewId) values (112, 'Fusce posuere felis sed lacus. Morbi sem mauris, laoreet ut, rhoncus aliquet, pulvinar sed, nisl. Nunc rhoncus dui vel sem.', '9/28/2020', 112);
insert into Comment (Id, Text, Date, ReviewId) values (113, 'Cras mi pede, malesuada in, imperdiet et, commodo vulputate, justo. In blandit ultrices enim. Lorem ipsum dolor sit amet, consectetuer adipiscing elit.', '8/27/2020', 113);
insert into Comment (Id, Text, Date, ReviewId) values (114, 'Duis consequat dui nec nisi volutpat eleifend. Donec ut dolor. Morbi vel lectus in quam fringilla rhoncus.', '11/14/2019', 114);
insert into Comment (Id, Text, Date, ReviewId) values (115, 'Curabitur in libero ut massa volutpat convallis. Morbi odio odio, elementum eu, interdum eu, tincidunt in, leo. Maecenas pulvinar lobortis est.', '7/18/2020', 115);
insert into Comment (Id, Text, Date, ReviewId) values (116, 'Duis aliquam convallis nunc. Proin at turpis a pede posuere nonummy. Integer non velit.', '10/10/2020', 116);
insert into Comment (Id, Text, Date, ReviewId) values (117, 'Fusce posuere felis sed lacus. Morbi sem mauris, laoreet ut, rhoncus aliquet, pulvinar sed, nisl. Nunc rhoncus dui vel sem.', '3/31/2020', 117);
insert into Comment (Id, Text, Date, ReviewId) values (118, 'Aliquam quis turpis eget elit sodales scelerisque. Mauris sit amet eros. Suspendisse accumsan tortor quis turpis.', '9/19/2020', 118);
insert into Comment (Id, Text, Date, ReviewId) values (119, 'Curabitur at ipsum ac tellus semper interdum. Mauris ullamcorper purus sit amet nulla. Quisque arcu libero, rutrum ac, lobortis vel, dapibus at, diam.', '10/22/2020', 119);
insert into Comment (Id, Text, Date, ReviewId) values (120, 'Duis consequat dui nec nisi volutpat eleifend. Donec ut dolor. Morbi vel lectus in quam fringilla rhoncus.', '9/24/2020', 120);
insert into Comment (Id, Text, Date, ReviewId) values (121, 'Donec diam neque, vestibulum eget, vulputate ut, ultrices vel, augue. Vestibulum ante ipsum primis in faucibus orci luctus et ultrices posuere cubilia Curae; Donec pharetra, magna vestibulum aliquet ultrices, erat tortor sollicitudin mi, sit amet lobortis sapien sapien non mi. Integer ac neque.', '1/27/2020', 121);
insert into Comment (Id, Text, Date, ReviewId) values (122, 'In quis justo. Maecenas rhoncus aliquam lacus. Morbi quis tortor id nulla ultrices aliquet.', '11/17/2019', 122);
insert into Comment (Id, Text, Date, ReviewId) values (123, 'Cras non velit nec nisi vulputate nonummy. Maecenas tincidunt lacus at velit. Vivamus vel nulla eget eros elementum pellentesque.', '7/18/2020', 123);
insert into Comment (Id, Text, Date, ReviewId) values (124, 'Nullam sit amet turpis elementum ligula vehicula consequat. Morbi a ipsum. Integer a nibh.', '5/11/2020', 124);
insert into Comment (Id, Text, Date, ReviewId) values (125, 'Etiam vel augue. Vestibulum rutrum rutrum neque. Aenean auctor gravida sem.', '7/15/2020', 125);
insert into Comment (Id, Text, Date, ReviewId) values (126, 'Integer ac leo. Pellentesque ultrices mattis odio. Donec vitae nisi.', '1/29/2020', 126);
insert into Comment (Id, Text, Date, ReviewId) values (127, 'Aenean fermentum. Donec ut mauris eget massa tempor convallis. Nulla neque libero, convallis eget, eleifend luctus, ultricies eu, nibh.', '9/12/2020', 127);
insert into Comment (Id, Text, Date, ReviewId) values (128, 'Nam ultrices, libero non mattis pulvinar, nulla pede ullamcorper augue, a suscipit nulla elit ac nulla. Sed vel enim sit amet nunc viverra dapibus. Nulla suscipit ligula in lacus.', '4/2/2020', 128);
insert into Comment (Id, Text, Date, ReviewId) values (129, 'Nam ultrices, libero non mattis pulvinar, nulla pede ullamcorper augue, a suscipit nulla elit ac nulla. Sed vel enim sit amet nunc viverra dapibus. Nulla suscipit ligula in lacus.', '9/5/2020', 129);
insert into Comment (Id, Text, Date, ReviewId) values (130, 'Quisque id justo sit amet sapien dignissim vestibulum. Vestibulum ante ipsum primis in faucibus orci luctus et ultrices posuere cubilia Curae; Nulla dapibus dolor vel est. Donec odio justo, sollicitudin ut, suscipit a, feugiat et, eros.', '5/4/2020', 130);
insert into Comment (Id, Text, Date, ReviewId) values (131, 'Aenean lectus. Pellentesque eget nunc. Donec quis orci eget orci vehicula condimentum.', '12/14/2019', 131);
insert into Comment (Id, Text, Date, ReviewId) values (132, 'In hac habitasse platea dictumst. Etiam faucibus cursus urna. Ut tellus.', '4/11/2020', 132);
insert into Comment (Id, Text, Date, ReviewId) values (133, 'Donec diam neque, vestibulum eget, vulputate ut, ultrices vel, augue. Vestibulum ante ipsum primis in faucibus orci luctus et ultrices posuere cubilia Curae; Donec pharetra, magna vestibulum aliquet ultrices, erat tortor sollicitudin mi, sit amet lobortis sapien sapien non mi. Integer ac neque.', '10/29/2020', 133);
insert into Comment (Id, Text, Date, ReviewId) values (134, 'Morbi non lectus. Aliquam sit amet diam in magna bibendum imperdiet. Nullam orci pede, venenatis non, sodales sed, tincidunt eu, felis.', '3/8/2020', 134);
insert into Comment (Id, Text, Date, ReviewId) values (135, 'Donec diam neque, vestibulum eget, vulputate ut, ultrices vel, augue. Vestibulum ante ipsum primis in faucibus orci luctus et ultrices posuere cubilia Curae; Donec pharetra, magna vestibulum aliquet ultrices, erat tortor sollicitudin mi, sit amet lobortis sapien sapien non mi. Integer ac neque.', '10/28/2020', 135);
insert into Comment (Id, Text, Date, ReviewId) values (136, 'Cras mi pede, malesuada in, imperdiet et, commodo vulputate, justo. In blandit ultrices enim. Lorem ipsum dolor sit amet, consectetuer adipiscing elit.', '8/23/2020', 136);
insert into Comment (Id, Text, Date, ReviewId) values (137, 'Phasellus sit amet erat. Nulla tempus. Vivamus in felis eu sapien cursus vestibulum.', '10/14/2020', 137);
insert into Comment (Id, Text, Date, ReviewId) values (138, 'In quis justo. Maecenas rhoncus aliquam lacus. Morbi quis tortor id nulla ultrices aliquet.', '8/15/2020', 138);
insert into Comment (Id, Text, Date, ReviewId) values (139, 'Praesent blandit. Nam nulla. Integer pede justo, lacinia eget, tincidunt eget, tempus vel, pede.', '4/3/2020', 139);
insert into Comment (Id, Text, Date, ReviewId) values (140, 'In sagittis dui vel nisl. Duis ac nibh. Fusce lacus purus, aliquet at, feugiat non, pretium quis, lectus.', '2/8/2020', 140);
insert into Comment (Id, Text, Date, ReviewId) values (141, 'Proin interdum mauris non ligula pellentesque ultrices. Phasellus id sapien in sapien iaculis congue. Vivamus metus arcu, adipiscing molestie, hendrerit at, vulputate vitae, nisl.', '5/31/2020', 141);
insert into Comment (Id, Text, Date, ReviewId) values (142, 'Maecenas ut massa quis augue luctus tincidunt. Nulla mollis molestie lorem. Quisque ut erat.', '5/5/2020', 142);
insert into Comment (Id, Text, Date, ReviewId) values (143, 'In congue. Etiam justo. Etiam pretium iaculis justo.', '9/27/2020', 143);
insert into Comment (Id, Text, Date, ReviewId) values (144, 'Aliquam quis turpis eget elit sodales scelerisque. Mauris sit amet eros. Suspendisse accumsan tortor quis turpis.', '7/30/2020', 144);
insert into Comment (Id, Text, Date, ReviewId) values (145, 'Phasellus sit amet erat. Nulla tempus. Vivamus in felis eu sapien cursus vestibulum.', '1/10/2020', 145);
insert into Comment (Id, Text, Date, ReviewId) values (146, 'Integer tincidunt ante vel ipsum. Praesent blandit lacinia erat. Vestibulum sed magna at nunc commodo placerat.', '5/2/2020', 146);
insert into Comment (Id, Text, Date, ReviewId) values (147, 'In congue. Etiam justo. Etiam pretium iaculis justo.', '9/8/2020', 147);
insert into Comment (Id, Text, Date, ReviewId) values (148, 'Cras non velit nec nisi vulputate nonummy. Maecenas tincidunt lacus at velit. Vivamus vel nulla eget eros elementum pellentesque.', '4/2/2020', 148);
insert into Comment (Id, Text, Date, ReviewId) values (149, 'Vestibulum ac est lacinia nisi venenatis tristique. Fusce congue, diam id ornare imperdiet, sapien urna pretium nisl, ut volutpat sapien arcu sed augue. Aliquam erat volutpat.', '3/19/2020', 149);
insert into Comment (Id, Text, Date, ReviewId) values (150, 'Sed sagittis. Nam congue, risus semper porta volutpat, quam pede lobortis ligula, sit amet eleifend pede libero quis orci. Nullam molestie nibh in lectus.', '10/11/2020', 150);


insert into Rent (Id, StartDate, EndDate, NumberOfDays, Price, HouseId, TouristId) values (1, '2018-01-04', '2019-03-27', null, null, 18, 80);
insert into Rent (Id, StartDate, EndDate, NumberOfDays, Price, HouseId, TouristId) values (2, '2018-01-12', '2019-03-06', null, null, 26, 36);
insert into Rent (Id, StartDate, EndDate, NumberOfDays, Price, HouseId, TouristId) values (3, '2018-04-25', '2018-11-19', null, null, 15, 84);
insert into Rent (Id, StartDate, EndDate, NumberOfDays, Price, HouseId, TouristId) values (4, '2018-09-18', '2018-11-17', null, null, 2, 75);
insert into Rent (Id, StartDate, EndDate, NumberOfDays, Price, HouseId, TouristId) values (5, '2018-10-27', '2019-01-07', null, null, 12, 84);
insert into Rent (Id, StartDate, EndDate, NumberOfDays, Price, HouseId, TouristId) values (6, '2018-07-09', '2018-11-14', null, null, 15, 32);
insert into Rent (Id, StartDate, EndDate, NumberOfDays, Price, HouseId, TouristId) values (7, '2018-07-25', '2019-08-03', null, null, 36, 21);
insert into Rent (Id, StartDate, EndDate, NumberOfDays, Price, HouseId, TouristId) values (8, '2018-04-10', '2019-04-14', null, null, 21, 109);
insert into Rent (Id, StartDate, EndDate, NumberOfDays, Price, HouseId, TouristId) values (9, '2018-01-13', '2019-07-29', null, null, 9, 69);
insert into Rent (Id, StartDate, EndDate, NumberOfDays, Price, HouseId, TouristId) values (10, '2018-05-12', '2019-06-20', null, null, 44, 57);
insert into Rent (Id, StartDate, EndDate, NumberOfDays, Price, HouseId, TouristId) values (11, '2017-12-19', '2019-09-07', null, null, 42, 105);
insert into Rent (Id, StartDate, EndDate, NumberOfDays, Price, HouseId, TouristId) values (12, '2018-02-02', '2019-06-06', null, null, 10, 135);
insert into Rent (Id, StartDate, EndDate, NumberOfDays, Price, HouseId, TouristId) values (13, '2018-07-27', '2019-04-30', null, null, 38, 78);
insert into Rent (Id, StartDate, EndDate, NumberOfDays, Price, HouseId, TouristId) values (14, '2018-09-16', '2019-10-11', null, null, 12, 68);
insert into Rent (Id, StartDate, EndDate, NumberOfDays, Price, HouseId, TouristId) values (15, '2017-12-12', '2019-09-22', null, null, 20, 142);
insert into Rent (Id, StartDate, EndDate, NumberOfDays, Price, HouseId, TouristId) values (16, '2018-07-16', '2019-01-15', null, null, 16, 57);
insert into Rent (Id, StartDate, EndDate, NumberOfDays, Price, HouseId, TouristId) values (17, '2018-09-01', '2018-11-14', null, null, 10, 65);
insert into Rent (Id, StartDate, EndDate, NumberOfDays, Price, HouseId, TouristId) values (18, '2017-11-09', '2019-09-22', null, null, 47, 3);
insert into Rent (Id, StartDate, EndDate, NumberOfDays, Price, HouseId, TouristId) values (19, '2017-12-14', '2019-06-06', null, null, 41, 49);
insert into Rent (Id, StartDate, EndDate, NumberOfDays, Price, HouseId, TouristId) values (20, '2017-11-19', '2019-02-06', null, null, 44, 94);
insert into Rent (Id, StartDate, EndDate, NumberOfDays, Price, HouseId, TouristId) values (21, '2018-05-10', '2019-03-16', null, null, 38, 51);
insert into Rent (Id, StartDate, EndDate, NumberOfDays, Price, HouseId, TouristId) values (22, '2018-07-28', '2019-06-11', null, null, 47, 96);
insert into Rent (Id, StartDate, EndDate, NumberOfDays, Price, HouseId, TouristId) values (23, '2018-10-09', '2019-03-14', null, null, 43, 67);
insert into Rent (Id, StartDate, EndDate, NumberOfDays, Price, HouseId, TouristId) values (24, '2018-07-06', '2019-11-05', null, null, 17, 121);
insert into Rent (Id, StartDate, EndDate, NumberOfDays, Price, HouseId, TouristId) values (25, '2017-11-28', '2019-10-26', null, null, 47, 44);
insert into Rent (Id, StartDate, EndDate, NumberOfDays, Price, HouseId, TouristId) values (26, '2018-05-25', '2019-04-26', null, null, 1, 81);
insert into Rent (Id, StartDate, EndDate, NumberOfDays, Price, HouseId, TouristId) values (27, '2018-04-25', '2019-03-29', null, null, 28, 1);
insert into Rent (Id, StartDate, EndDate, NumberOfDays, Price, HouseId, TouristId) values (28, '2017-11-14', '2019-01-10', null, null, 20, 123);
insert into Rent (Id, StartDate, EndDate, NumberOfDays, Price, HouseId, TouristId) values (29, '2018-05-20', '2019-08-12', null, null, 14, 49);
insert into Rent (Id, StartDate, EndDate, NumberOfDays, Price, HouseId, TouristId) values (30, '2018-05-12', '2019-08-01', null, null, 34, 40);
insert into Rent (Id, StartDate, EndDate, NumberOfDays, Price, HouseId, TouristId) values (31, '2018-01-21', '2019-05-29', null, null, 30, 97);
insert into Rent (Id, StartDate, EndDate, NumberOfDays, Price, HouseId, TouristId) values (32, '2017-12-04', '2019-05-19', null, null, 45, 54);
insert into Rent (Id, StartDate, EndDate, NumberOfDays, Price, HouseId, TouristId) values (33, '2018-07-17', '2018-12-28', null, null, 33, 6);
insert into Rent (Id, StartDate, EndDate, NumberOfDays, Price, HouseId, TouristId) values (34, '2017-11-20', '2018-11-07', null, null, 14, 30);
insert into Rent (Id, StartDate, EndDate, NumberOfDays, Price, HouseId, TouristId) values (35, '2017-12-29', '2019-03-25', null, null, 33, 93);
insert into Rent (Id, StartDate, EndDate, NumberOfDays, Price, HouseId, TouristId) values (36, '2018-05-25', '2019-08-10', null, null, 44, 21);
insert into Rent (Id, StartDate, EndDate, NumberOfDays, Price, HouseId, TouristId) values (37, '2018-07-13', '2019-08-15', null, null, 21, 78);
insert into Rent (Id, StartDate, EndDate, NumberOfDays, Price, HouseId, TouristId) values (38, '2018-04-08', '2019-04-24', null, null, 34, 141);
insert into Rent (Id, StartDate, EndDate, NumberOfDays, Price, HouseId, TouristId) values (39, '2018-04-07', '2019-04-27', null, null, 24, 143);
insert into Rent (Id, StartDate, EndDate, NumberOfDays, Price, HouseId, TouristId) values (40, '2018-05-03', '2019-08-05', null, null, 35, 132);
insert into Rent (Id, StartDate, EndDate, NumberOfDays, Price, HouseId, TouristId) values (41, '2018-02-03', '2019-11-01', null, null, 26, 99);
insert into Rent (Id, StartDate, EndDate, NumberOfDays, Price, HouseId, TouristId) values (42, '2018-07-20', '2019-09-20', null, null, 34, 105);
insert into Rent (Id, StartDate, EndDate, NumberOfDays, Price, HouseId, TouristId) values (43, '2018-05-02', '2019-10-01', null, null, 42, 33);
insert into Rent (Id, StartDate, EndDate, NumberOfDays, Price, HouseId, TouristId) values (44, '2018-04-01', '2018-12-23', null, null, 9, 53);
insert into Rent (Id, StartDate, EndDate, NumberOfDays, Price, HouseId, TouristId) values (45, '2018-09-18', '2019-08-29', null, null, 27, 65);
insert into Rent (Id, StartDate, EndDate, NumberOfDays, Price, HouseId, TouristId) values (46, '2018-06-07', '2019-10-24', null, null, 32, 115);
insert into Rent (Id, StartDate, EndDate, NumberOfDays, Price, HouseId, TouristId) values (47, '2018-07-26', '2019-08-30', null, null, 6, 95);
insert into Rent (Id, StartDate, EndDate, NumberOfDays, Price, HouseId, TouristId) values (48, '2017-12-26', '2019-02-13', null, null, 30, 114);
insert into Rent (Id, StartDate, EndDate, NumberOfDays, Price, HouseId, TouristId) values (49, '2018-04-30', '2019-02-17', null, null, 5, 138);
insert into Rent (Id, StartDate, EndDate, NumberOfDays, Price, HouseId, TouristId) values (50, '2018-11-02', '2019-11-02', null, null, 25, 38);
insert into Rent (Id, StartDate, EndDate, NumberOfDays, Price, HouseId, TouristId) values (51, '2017-12-10', '2019-01-09', null, null, 40, 1);
insert into Rent (Id, StartDate, EndDate, NumberOfDays, Price, HouseId, TouristId) values (52, '2018-04-01', '2019-06-19', null, null, 10, 98);
insert into Rent (Id, StartDate, EndDate, NumberOfDays, Price, HouseId, TouristId) values (53, '2018-10-17', '2019-06-19', null, null, 33, 78);
insert into Rent (Id, StartDate, EndDate, NumberOfDays, Price, HouseId, TouristId) values (54, '2018-03-07', '2019-01-19', null, null, 26, 99);
insert into Rent (Id, StartDate, EndDate, NumberOfDays, Price, HouseId, TouristId) values (55, '2018-06-28', '2019-10-02', null, null, 14, 113);
insert into Rent (Id, StartDate, EndDate, NumberOfDays, Price, HouseId, TouristId) values (56, '2017-11-25', '2019-07-02', null, null, 29, 48);
insert into Rent (Id, StartDate, EndDate, NumberOfDays, Price, HouseId, TouristId) values (57, '2017-11-20', '2019-05-03', null, null, 48, 51);
insert into Rent (Id, StartDate, EndDate, NumberOfDays, Price, HouseId, TouristId) values (58, '2017-11-20', '2019-08-06', null, null, 6, 87);
insert into Rent (Id, StartDate, EndDate, NumberOfDays, Price, HouseId, TouristId) values (59, '2018-06-03', '2019-05-16', null, null, 33, 148);
insert into Rent (Id, StartDate, EndDate, NumberOfDays, Price, HouseId, TouristId) values (60, '2018-10-12', '2019-08-14', null, null, 48, 48);
insert into Rent (Id, StartDate, EndDate, NumberOfDays, Price, HouseId, TouristId) values (61, '2017-12-05', '2019-02-15', null, null, 10, 141);
insert into Rent (Id, StartDate, EndDate, NumberOfDays, Price, HouseId, TouristId) values (62, '2018-06-24', '2019-02-12', null, null, 23, 145);
insert into Rent (Id, StartDate, EndDate, NumberOfDays, Price, HouseId, TouristId) values (63, '2018-09-04', '2019-05-24', null, null, 25, 81);
insert into Rent (Id, StartDate, EndDate, NumberOfDays, Price, HouseId, TouristId) values (64, '2017-12-22', '2018-12-10', null, null, 48, 141);
insert into Rent (Id, StartDate, EndDate, NumberOfDays, Price, HouseId, TouristId) values (65, '2017-11-16', '2019-02-26', null, null, 35, 121);
insert into Rent (Id, StartDate, EndDate, NumberOfDays, Price, HouseId, TouristId) values (66, '2018-01-11', '2019-08-10', null, null, 28, 103);
insert into Rent (Id, StartDate, EndDate, NumberOfDays, Price, HouseId, TouristId) values (67, '2017-12-25', '2019-05-10', null, null, 39, 51);
insert into Rent (Id, StartDate, EndDate, NumberOfDays, Price, HouseId, TouristId) values (68, '2017-12-16', '2019-04-02', null, null, 46, 15);
insert into Rent (Id, StartDate, EndDate, NumberOfDays, Price, HouseId, TouristId) values (69, '2018-07-10', '2018-12-16', null, null, 35, 92);
insert into Rent (Id, StartDate, EndDate, NumberOfDays, Price, HouseId, TouristId) values (70, '2017-12-12', '2019-04-16', null, null, 9, 28);
insert into Rent (Id, StartDate, EndDate, NumberOfDays, Price, HouseId, TouristId) values (71, '2018-05-01', '2019-08-05', null, null, 17, 42);
insert into Rent (Id, StartDate, EndDate, NumberOfDays, Price, HouseId, TouristId) values (72, '2018-08-08', '2019-01-08', null, null, 19, 132);
insert into Rent (Id, StartDate, EndDate, NumberOfDays, Price, HouseId, TouristId) values (73, '2017-12-24', '2019-07-29', null, null, 38, 95);
insert into Rent (Id, StartDate, EndDate, NumberOfDays, Price, HouseId, TouristId) values (74, '2018-07-23', '2019-02-07', null, null, 12, 8);
insert into Rent (Id, StartDate, EndDate, NumberOfDays, Price, HouseId, TouristId) values (75, '2018-09-11', '2019-06-08', null, null, 28, 150);
insert into Rent (Id, StartDate, EndDate, NumberOfDays, Price, HouseId, TouristId) values (76, '2018-08-24', '2019-10-20', null, null, 20, 148);
insert into Rent (Id, StartDate, EndDate, NumberOfDays, Price, HouseId, TouristId) values (77, '2018-07-17', '2019-04-08', null, null, 18, 77);
insert into Rent (Id, StartDate, EndDate, NumberOfDays, Price, HouseId, TouristId) values (78, '2018-03-29', '2019-02-26', null, null, 9, 75);
insert into Rent (Id, StartDate, EndDate, NumberOfDays, Price, HouseId, TouristId) values (79, '2018-03-15', '2018-12-31', null, null, 1, 8);
insert into Rent (Id, StartDate, EndDate, NumberOfDays, Price, HouseId, TouristId) values (80, '2018-10-01', '2019-07-04', null, null, 19, 118);
insert into Rent (Id, StartDate, EndDate, NumberOfDays, Price, HouseId, TouristId) values (81, '2018-06-19', '2019-10-05', null, null, 19, 128);
insert into Rent (Id, StartDate, EndDate, NumberOfDays, Price, HouseId, TouristId) values (82, '2018-07-15', '2019-10-22', null, null, 46, 135);
insert into Rent (Id, StartDate, EndDate, NumberOfDays, Price, HouseId, TouristId) values (83, '2018-11-04', '2019-07-14', null, null, 34, 75);
insert into Rent (Id, StartDate, EndDate, NumberOfDays, Price, HouseId, TouristId) values (84, '2018-07-10', '2019-08-22', null, null, 42, 73);
insert into Rent (Id, StartDate, EndDate, NumberOfDays, Price, HouseId, TouristId) values (85, '2018-07-13', '2019-01-12', null, null, 37, 4);
insert into Rent (Id, StartDate, EndDate, NumberOfDays, Price, HouseId, TouristId) values (86, '2018-09-07', '2019-08-19', null, null, 16, 85);
insert into Rent (Id, StartDate, EndDate, NumberOfDays, Price, HouseId, TouristId) values (87, '2018-10-13', '2019-09-30', null, null, 6, 104);
insert into Rent (Id, StartDate, EndDate, NumberOfDays, Price, HouseId, TouristId) values (88, '2018-07-22', '2018-11-14', null, null, 11, 68);
insert into Rent (Id, StartDate, EndDate, NumberOfDays, Price, HouseId, TouristId) values (89, '2018-11-04', '2019-04-09', null, null, 19, 127);
insert into Rent (Id, StartDate, EndDate, NumberOfDays, Price, HouseId, TouristId) values (90, '2018-08-06', '2019-02-27', null, null, 3, 65);
insert into Rent (Id, StartDate, EndDate, NumberOfDays, Price, HouseId, TouristId) values (91, '2018-02-10', '2018-11-07', null, null, 44, 14);
insert into Rent (Id, StartDate, EndDate, NumberOfDays, Price, HouseId, TouristId) values (92, '2018-10-21', '2019-03-26', null, null, 45, 28);
insert into Rent (Id, StartDate, EndDate, NumberOfDays, Price, HouseId, TouristId) values (93, '2018-08-17', '2019-06-06', null, null, 13, 141);
insert into Rent (Id, StartDate, EndDate, NumberOfDays, Price, HouseId, TouristId) values (94, '2018-06-29', '2018-12-07', null, null, 48, 80);
insert into Rent (Id, StartDate, EndDate, NumberOfDays, Price, HouseId, TouristId) values (95, '2018-02-22', '2019-02-03', null, null, 24, 52);
insert into Rent (Id, StartDate, EndDate, NumberOfDays, Price, HouseId, TouristId) values (96, '2018-06-30', '2019-01-15', null, null, 18, 89);
insert into Rent (Id, StartDate, EndDate, NumberOfDays, Price, HouseId, TouristId) values (97, '2018-08-14', '2019-05-13', null, null, 34, 91);
insert into Rent (Id, StartDate, EndDate, NumberOfDays, Price, HouseId, TouristId) values (98, '2018-01-01', '2019-08-06', null, null, 49, 50);
insert into Rent (Id, StartDate, EndDate, NumberOfDays, Price, HouseId, TouristId) values (99, '2017-12-18', '2019-08-15', null, null, 15, 19);
insert into Rent (Id, StartDate, EndDate, NumberOfDays, Price, HouseId, TouristId) values (100, '2017-12-18', '2018-12-20', null, null, 6, 78);
insert into Rent (Id, StartDate, EndDate, NumberOfDays, Price, HouseId, TouristId) values (101, '2018-08-20', '2019-04-19', null, null, 41, 147);
insert into Rent (Id, StartDate, EndDate, NumberOfDays, Price, HouseId, TouristId) values (102, '2018-01-11', '2019-08-03', null, null, 10, 50);
insert into Rent (Id, StartDate, EndDate, NumberOfDays, Price, HouseId, TouristId) values (103, '2018-08-16', '2019-06-13', null, null, 25, 137);
insert into Rent (Id, StartDate, EndDate, NumberOfDays, Price, HouseId, TouristId) values (104, '2018-04-16', '2019-08-26', null, null, 28, 10);
insert into Rent (Id, StartDate, EndDate, NumberOfDays, Price, HouseId, TouristId) values (105, '2018-05-03', '2019-03-23', null, null, 13, 48);
insert into Rent (Id, StartDate, EndDate, NumberOfDays, Price, HouseId, TouristId) values (106, '2018-03-09', '2019-06-05', null, null, 11, 144);
insert into Rent (Id, StartDate, EndDate, NumberOfDays, Price, HouseId, TouristId) values (107, '2018-04-15', '2019-08-26', null, null, 42, 50);
insert into Rent (Id, StartDate, EndDate, NumberOfDays, Price, HouseId, TouristId) values (108, '2018-02-21', '2019-03-20', null, null, 18, 65);
insert into Rent (Id, StartDate, EndDate, NumberOfDays, Price, HouseId, TouristId) values (109, '2017-12-11', '2019-04-01', null, null, 6, 4);
insert into Rent (Id, StartDate, EndDate, NumberOfDays, Price, HouseId, TouristId) values (110, '2018-01-02', '2019-06-04', null, null, 1, 29);
insert into Rent (Id, StartDate, EndDate, NumberOfDays, Price, HouseId, TouristId) values (111, '2018-01-05', '2019-08-27', null, null, 42, 82);
insert into Rent (Id, StartDate, EndDate, NumberOfDays, Price, HouseId, TouristId) values (112, '2018-06-20', '2019-01-05', null, null, 25, 20);
insert into Rent (Id, StartDate, EndDate, NumberOfDays, Price, HouseId, TouristId) values (113, '2017-12-14', '2019-02-09', null, null, 43, 4);
insert into Rent (Id, StartDate, EndDate, NumberOfDays, Price, HouseId, TouristId) values (114, '2018-09-02', '2019-01-05', null, null, 41, 126);
insert into Rent (Id, StartDate, EndDate, NumberOfDays, Price, HouseId, TouristId) values (115, '2018-09-30', '2018-11-22', null, null, 10, 63);
insert into Rent (Id, StartDate, EndDate, NumberOfDays, Price, HouseId, TouristId) values (116, '2018-07-11', '2018-11-24', null, null, 50, 148);
insert into Rent (Id, StartDate, EndDate, NumberOfDays, Price, HouseId, TouristId) values (117, '2018-05-16', '2019-09-14', null, null, 12, 15);
insert into Rent (Id, StartDate, EndDate, NumberOfDays, Price, HouseId, TouristId) values (118, '2018-05-22', '2019-03-05', null, null, 26, 94);
insert into Rent (Id, StartDate, EndDate, NumberOfDays, Price, HouseId, TouristId) values (119, '2017-11-22', '2019-03-05', null, null, 24, 25);
insert into Rent (Id, StartDate, EndDate, NumberOfDays, Price, HouseId, TouristId) values (120, '2018-02-24', '2019-04-18', null, null, 4, 142);
insert into Rent (Id, StartDate, EndDate, NumberOfDays, Price, HouseId, TouristId) values (121, '2018-10-09', '2019-04-14', null, null, 15, 135);
insert into Rent (Id, StartDate, EndDate, NumberOfDays, Price, HouseId, TouristId) values (122, '2018-02-20', '2019-01-08', null, null, 48, 12);
insert into Rent (Id, StartDate, EndDate, NumberOfDays, Price, HouseId, TouristId) values (123, '2018-11-01', '2019-06-10', null, null, 12, 66);
insert into Rent (Id, StartDate, EndDate, NumberOfDays, Price, HouseId, TouristId) values (124, '2018-09-05', '2019-08-19', null, null, 27, 25);
insert into Rent (Id, StartDate, EndDate, NumberOfDays, Price, HouseId, TouristId) values (125, '2018-01-31', '2019-04-13', null, null, 10, 39);
insert into Rent (Id, StartDate, EndDate, NumberOfDays, Price, HouseId, TouristId) values (126, '2018-01-12', '2019-09-21', null, null, 45, 66);
insert into Rent (Id, StartDate, EndDate, NumberOfDays, Price, HouseId, TouristId) values (127, '2018-03-02', '2018-12-28', null, null, 22, 83);
insert into Rent (Id, StartDate, EndDate, NumberOfDays, Price, HouseId, TouristId) values (128, '2018-03-20', '2019-10-27', null, null, 28, 146);
insert into Rent (Id, StartDate, EndDate, NumberOfDays, Price, HouseId, TouristId) values (129, '2017-11-10', '2019-10-03', null, null, 26, 22);
insert into Rent (Id, StartDate, EndDate, NumberOfDays, Price, HouseId, TouristId) values (130, '2018-06-22', '2019-06-08', null, null, 26, 62);
insert into Rent (Id, StartDate, EndDate, NumberOfDays, Price, HouseId, TouristId) values (131, '2018-04-21', '2019-10-16', null, null, 50, 45);
insert into Rent (Id, StartDate, EndDate, NumberOfDays, Price, HouseId, TouristId) values (132, '2018-09-20', '2019-05-12', null, null, 41, 49);
insert into Rent (Id, StartDate, EndDate, NumberOfDays, Price, HouseId, TouristId) values (133, '2018-08-17', '2019-10-03', null, null, 25, 140);
insert into Rent (Id, StartDate, EndDate, NumberOfDays, Price, HouseId, TouristId) values (134, '2018-10-03', '2019-01-17', null, null, 38, 73);
insert into Rent (Id, StartDate, EndDate, NumberOfDays, Price, HouseId, TouristId) values (135, '2018-01-26', '2019-04-12', null, null, 15, 68);
insert into Rent (Id, StartDate, EndDate, NumberOfDays, Price, HouseId, TouristId) values (136, '2018-03-07', '2019-05-06', null, null, 44, 87);
insert into Rent (Id, StartDate, EndDate, NumberOfDays, Price, HouseId, TouristId) values (137, '2018-09-12', '2019-03-11', null, null, 2, 95);
insert into Rent (Id, StartDate, EndDate, NumberOfDays, Price, HouseId, TouristId) values (138, '2018-10-15', '2019-05-11', null, null, 6, 76);
insert into Rent (Id, StartDate, EndDate, NumberOfDays, Price, HouseId, TouristId) values (139, '2018-05-13', '2019-09-05', null, null, 5, 16);
insert into Rent (Id, StartDate, EndDate, NumberOfDays, Price, HouseId, TouristId) values (140, '2018-03-21', '2018-12-29', null, null, 8, 62);
insert into Rent (Id, StartDate, EndDate, NumberOfDays, Price, HouseId, TouristId) values (141, '2018-11-04', '2019-08-02', null, null, 45, 127);
insert into Rent (Id, StartDate, EndDate, NumberOfDays, Price, HouseId, TouristId) values (142, '2018-05-12', '2019-01-06', null, null, 16, 61);
insert into Rent (Id, StartDate, EndDate, NumberOfDays, Price, HouseId, TouristId) values (143, '2018-07-23', '2019-05-29', null, null, 27, 138);
insert into Rent (Id, StartDate, EndDate, NumberOfDays, Price, HouseId, TouristId) values (144, '2018-05-12', '2019-04-02', null, null, 28, 32);
insert into Rent (Id, StartDate, EndDate, NumberOfDays, Price, HouseId, TouristId) values (145, '2018-03-15', '2019-08-12', null, null, 47, 92);
insert into Rent (Id, StartDate, EndDate, NumberOfDays, Price, HouseId, TouristId) values (146, '2018-11-05', '2019-09-14', null, null, 21, 127);
insert into Rent (Id, StartDate, EndDate, NumberOfDays, Price, HouseId, TouristId) values (147, '2017-12-26', '2018-12-04', null, null, 16, 72);
insert into Rent (Id, StartDate, EndDate, NumberOfDays, Price, HouseId, TouristId) values (148, '2017-12-01', '2019-09-17', null, null, 21, 44);
insert into Rent (Id, StartDate, EndDate, NumberOfDays, Price, HouseId, TouristId) values (149, '2018-01-04', '2019-08-12', null, null, 40, 18);
insert into Rent (Id, StartDate, EndDate, NumberOfDays, Price, HouseId, TouristId) values (150, '2018-06-19', '2019-01-25', null, null, 5, 63);
