PRAGMA foreign_keys = ON;

insert into User (Id, Name, DateOfBirth, Email, Username, Password) values (1, 'Pace', '1991-03-03', 'pkloster0@homestead.com', 'pniblett0', '$2y$12$W1UpnO4Do5xJDduJL57beebKdywhmLi9AWVZMo8FzF/FJnO7JIDKK');
insert into User (Id, Name, DateOfBirth, Email, Username, Password) values (2, 'Melina', '1920-01-17', 'mcollymore1@adobe.com', 'mkubiak1', '$2y$12$W1UpnO4Do5xJDduJL57beebKdywhmLi9AWVZMo8FzF/FJnO7JIDKK');
insert into User (Id, Name, DateOfBirth, Email, Username, Password) values (3, 'Kirstyn', '1946-02-14', 'kantonucci2@last.fm', 'kbengal2', '$2y$12$W1UpnO4Do5xJDduJL57beebKdywhmLi9AWVZMo8FzF/FJnO7JIDKK');
insert into User (Id, Name, DateOfBirth, Email, Username, Password) values (4, 'Odell', '1964-12-12', 'ohowett3@foxnews.com', 'okemmons3', '$2y$12$W1UpnO4Do5xJDduJL57beebKdywhmLi9AWVZMo8FzF/FJnO7JIDKK');
insert into User (Id, Name, DateOfBirth, Email, Username, Password) values (5, 'Pegeen', '1943-08-06', 'plehenmann4@tamu.edu', 'pwarrick4', '$2y$12$W1UpnO4Do5xJDduJL57beebKdywhmLi9AWVZMo8FzF/FJnO7JIDKK');
insert into User (Id, Name, DateOfBirth, Email, Username, Password) values (6, 'Roy', '1960-04-26', 'rferrand5@businessweek.com', 'rdowsing5', '$2y$12$W1UpnO4Do5xJDduJL57beebKdywhmLi9AWVZMo8FzF/FJnO7JIDKK');
insert into User (Id, Name, DateOfBirth, Email, Username, Password) values (7, 'Louie', '1958-10-27', 'lbastie6@guardian.co.uk', 'lmarle6', '$2y$12$W1UpnO4Do5xJDduJL57beebKdywhmLi9AWVZMo8FzF/FJnO7JIDKK');
insert into User (Id, Name, DateOfBirth, Email, Username, Password) values (8, 'Stu', '1952-07-31', 'svasyukov7@oracle.com', 'swedlake7', '$2y$12$W1UpnO4Do5xJDduJL57beebKdywhmLi9AWVZMo8FzF/FJnO7JIDKK');
insert into User (Id, Name, DateOfBirth, Email, Username, Password) values (9, 'Kalila', '1927-04-16', 'kedland8@admin.ch', 'kcathrae8', '$2y$12$W1UpnO4Do5xJDduJL57beebKdywhmLi9AWVZMo8FzF/FJnO7JIDKK');
insert into User (Id, Name, DateOfBirth, Email, Username, Password) values (10, 'Tildie', '1913-08-01', 'tcoveney9@geocities.com', 'twebbbowen9', '$2y$12$W1UpnO4Do5xJDduJL57beebKdywhmLi9AWVZMo8FzF/FJnO7JIDKK');
insert into User (Id, Name, DateOfBirth, Email, Username, Password) values (11, 'Bevan', '1958-01-25', 'bcrocketta@hc360.com', 'bfingletona', '$2y$12$W1UpnO4Do5xJDduJL57beebKdywhmLi9AWVZMo8FzF/FJnO7JIDKK');


insert into Country (id, Name, ISO) values (1, 'China', 'CN');
insert into Country (id, Name, ISO) values (2, 'Australia', 'AU');
insert into Country (id, Name, ISO) values (3, 'Russia', 'RU');
insert into Country (id, Name, ISO) values (4, 'Canada', 'CA');
insert into Country (id, Name, ISO) values (5, 'Ukraine', 'UA');
insert into Country (id, Name, ISO) values (6, 'Greece', 'GR');
insert into Country (id, Name, ISO) values (7, 'Italy', 'IT');
insert into Country (id, Name, ISO) values (8, 'France', 'FR');
insert into Country (id, Name, ISO) values (9, 'Portugal', 'PT');
insert into Country (id, Name, ISO) values (10, 'United States', 'US');


insert into City (Id, Name, CountryId) values (1, 'Guoduwan', 1);
insert into City (Id, Name, CountryId) values (2, 'Shangjiangxu', 1);
insert into City (Id, Name, CountryId) values (3, 'Laoxingchang', 1);
insert into City (Id, Name, CountryId) values (4, 'Zhangfeng', 1);
insert into City (Id, Name, CountryId) values (5, 'Nanmu', 1);
insert into City (Id, Name, CountryId) values (6, 'Brisbane', 2);
insert into City (Id, Name, CountryId) values (7, 'Strawberry Hills', 2);
insert into City (Id, Name, CountryId) values (8, 'Eastern Suburbs Mc', 2);
insert into City (Id, Name, CountryId) values (9, 'Perth', 2);
insert into City (Id, Name, CountryId) values (10, 'Sydney', 2);
insert into City (Id, Name, CountryId) values (11, 'Promyshlennaya', 3);
insert into City (Id, Name, CountryId) values (12, 'Taldom', 3);
insert into City (Id, Name, CountryId) values (13, 'Tsimlyansk', 3);
insert into City (Id, Name, CountryId) values (14, 'Ust’-Dzheguta', 3);
insert into City (Id, Name, CountryId) values (15, 'Novopodrezkovo', 3);
insert into City (Id, Name, CountryId) values (16, 'Warwick', 4);
insert into City (Id, Name, CountryId) values (17, 'Pilot Butte', 4);
insert into City (Id, Name, CountryId) values (18, 'North Cowichan', 4);
insert into City (Id, Name, CountryId) values (19, 'Alma', 4);
insert into City (Id, Name, CountryId) values (20, 'Normandin', 4);
insert into City (Id, Name, CountryId) values (21, 'Andrushivka', 5);
insert into City (Id, Name, CountryId) values (22, 'Donetsk', 5);
insert into City (Id, Name, CountryId) values (23, 'Veselynove', 5);
insert into City (Id, Name, CountryId) values (24, 'Pavlivka', 5);
insert into City (Id, Name, CountryId) values (25, 'Manyava', 5);
insert into City (Id, Name, CountryId) values (26, 'Néa Palátia', 6);
insert into City (Id, Name, CountryId) values (27, 'Kolindrós', 6);
insert into City (Id, Name, CountryId) values (28, 'Káto Miliá', 6);
insert into City (Id, Name, CountryId) values (29, 'Koilás', 6);
insert into City (Id, Name, CountryId) values (30, 'Melíssia', 6);
insert into City (Id, Name, CountryId) values (31, 'Messina',7);
insert into City (Id, Name, CountryId) values (32, 'Napoli',7);
insert into City (Id, Name, CountryId) values (33, 'Bologna',7);
insert into City (Id, Name, CountryId) values (34, 'Milano',7);
insert into City (Id, Name, CountryId) values (35, 'Roma',7);
insert into City (Id, Name, CountryId) values (36, 'Quetigny', 8);
insert into City (Id, Name, CountryId) values (37, 'Lucé', 8);
insert into City (Id, Name, CountryId) values (38, 'Dijon', 8);
insert into City (Id, Name, CountryId) values (39, 'Nanterre', 8);
insert into City (Id, Name, CountryId) values (40, 'Vienne', 8);
insert into City (Id, Name, CountryId) values (41, 'Charneca', 9);
insert into City (Id, Name, CountryId) values (42, 'Faro', 9);
insert into City (Id, Name, CountryId) values (43, 'Vermoim', 9);
insert into City (Id, Name, CountryId) values (44, 'Picassinos', 9);
insert into City (Id, Name, CountryId) values (45, 'Pedro Miguel', 9);
insert into City (Id, Name, CountryId) values (46, 'Mesa', 10);
insert into City (Id, Name, CountryId) values (47, 'Birmingham', 10);
insert into City (Id, Name, CountryId) values (48, 'Miami', 10);
insert into City (Id, Name, CountryId) values (49, 'Minneapolis', 10);
insert into City (Id, Name, CountryId) values (50, 'Washington', 10);


insert into House (id, Name, Rating, Description, PricePerDay, Address, PostalCode, OwnerId, CityId, Capacity) values (1, 'consectetuer eget rutrum', 0, 'Donec ut mauris eget massa tempor convallis.', 159, '06 Luster Place', 8344, 4, 12, 2);
insert into House (id, Name, Rating, Description, PricePerDay, Address, PostalCode, OwnerId, CityId, Capacity) values (2, 'donec vitae nisi', 0, 'Nunc nisl.', 61, '93206 Maryland Court', 6225, 7, 16, 2);
insert into House (id, Name, Rating, Description, PricePerDay, Address, PostalCode, OwnerId, CityId, Capacity) values (3, 'id ornare', 0, 'Nulla nisl.', 185, '5 Golf View Place', 4762, 5, 11, 3);
insert into House (id, Name, Rating, Description, PricePerDay, Address, PostalCode, OwnerId, CityId, Capacity) values (4, 'nulla facilisi cras', 0, 'In est risus, auctor sed, tristique in, tempus sit amet, sem.', 141, '57 Pawling Junction', 4245, 2, 43, 10);
insert into House (id, Name, Rating, Description, PricePerDay, Address, PostalCode, OwnerId, CityId, Capacity) values (5, 'leo rhoncus', 0, 'Nunc nisl.', 171, '9202 Tony Alley', 7313, 2, 24, 4);
insert into House (id, Name, Rating, Description, PricePerDay, Address, PostalCode, OwnerId, CityId, Capacity) values (6, 'convallis morbi odio', 0, 'Duis aliquam convallis nunc.', 138, '21 Summerview Crossing', 3311, 6, 34, 5);
insert into House (id, Name, Rating, Description, PricePerDay, Address, PostalCode, OwnerId, CityId, Capacity) values (7, 'cursus vestibulum', 0, 'Aenean sit amet justo.', 74, '07 Pine View Circle', 6477, 3, 15, 2);
insert into House (id, Name, Rating, Description, PricePerDay, Address, PostalCode, OwnerId, CityId, Capacity) values (8, 'est donec odio', 0, 'In hac habitasse platea dictumst.', 107, '47868 Shopko Place', 4645, 2, 20, 3);
insert into House (id, Name, Rating, Description, PricePerDay, Address, PostalCode, OwnerId, CityId, Capacity) values (9, 'eleifend donec', 0, 'Donec vitae nisi.', 70, '533 Dexter Trail', 5571, 2, 2, 5);
insert into House (id, Name, Rating, Description, PricePerDay, Address, PostalCode, OwnerId, CityId, Capacity) values (10, 'hac habitasse', 0, 'Aliquam non mauris.', 196, '2662 Amoth Plaza', 5710, 3, 11, 4);
insert into House (id, Name, Rating, Description, PricePerDay, Address, PostalCode, OwnerId, CityId, Capacity) values (11, 'sociis natoque penatibus', 0, 'Vestibulum rutrum rutrum neque.', 55, '6 Arapahoe Terrace', 4885, 4, 9, 5);
insert into House (id, Name, Rating, Description, PricePerDay, Address, PostalCode, OwnerId, CityId, Capacity) values (12, 'amet sem fusce', 0, 'Aliquam quis turpis eget elit sodales scelerisque.', 49, '3 Buhler Drive', 7753, 1, 42, 2);
insert into House (id, Name, Rating, Description, PricePerDay, Address, PostalCode, OwnerId, CityId, Capacity) values (13, 'in quam', 0, 'Sed sagittis.', 178, '30 Arapahoe Parkway', 1677, 8, 35, 3);
insert into House (id, Name, Rating, Description, PricePerDay, Address, PostalCode, OwnerId, CityId, Capacity) values (14, 'vitae consectetuer eget', 0, 'Aenean auctor gravida sem.', 167, '4 Eastwood Alley', 7005, 4, 37, 4);
insert into House (id, Name, Rating, Description, PricePerDay, Address, PostalCode, OwnerId, CityId, Capacity) values (15, 'condimentum neque', 0, 'Morbi ut odio.', 55, '3 Londonderry Place', 8932, 6, 22, 4);
insert into House (id, Name, Rating, Description, PricePerDay, Address, PostalCode, OwnerId, CityId, Capacity) values (16, 'posuere metus', 0, 'Proin at turpis a pede posuere nonummy.', 130, '9 Springs Avenue', 4084, 8, 21, 4);
insert into House (id, Name, Rating, Description, PricePerDay, Address, PostalCode, OwnerId, CityId, Capacity) values (17, 'lacus purus', 0, 'Duis at velit eu est congue elementum.', 74, '228 Sheridan Trail', 1948, 2, 37, 6);
insert into House (id, Name, Rating, Description, PricePerDay, Address, PostalCode, OwnerId, CityId, Capacity) values (18, 'justo morbi ut', 0, 'Praesent lectus.', 50, '76011 Ryan Way', 2422, 5, 30, 6);
insert into House (id, Name, Rating, Description, PricePerDay, Address, PostalCode, OwnerId, CityId, Capacity) values (19, 'nibh in', 0, 'Quisque arcu libero, rutrum ac, lobortis vel, dapibus at, diam.', 196, '36814 Mccormick Crossing', 3450, 7, 42, 6);
insert into House (id, Name, Rating, Description, PricePerDay, Address, PostalCode, OwnerId, CityId, Capacity) values (20, 'nec molestie', 0, 'Quisque porta volutpat erat.', 71, '37616 Butterfield Avenue', 8748, 4, 18, 7);
insert into House (id, Name, Rating, Description, PricePerDay, Address, PostalCode, OwnerId, CityId, Capacity) values (21, 'justo aliquam', 0, 'Donec odio justo, sollicitudin ut, suscipit a, feugiat et, eros.', 87, '721 Kinsman Lane', 1753, 6, 32, 8);
insert into House (id, Name, Rating, Description, PricePerDay, Address, PostalCode, OwnerId, CityId, Capacity) values (22, 'rutrum nulla nunc', 0, 'Vivamus tortor.', 63, '3804 Nova Pass', 2420, 6, 50, 7);
insert into House (id, Name, Rating, Description, PricePerDay, Address, PostalCode, OwnerId, CityId, Capacity) values (23, 'ut suscipit a', 0, 'Duis consequat dui nec nisi volutpat eleifend.', 160, '082 Manufacturers Way', 3625, 1, 23, 8);
insert into House (id, Name, Rating, Description, PricePerDay, Address, PostalCode, OwnerId, CityId, Capacity) values (24, 'fusce consequat nulla', 0, 'Duis at velit eu est congue elementum.', 60, '530 Memorial Trail', 2176, 4, 44, 4);
insert into House (id, Name, Rating, Description, PricePerDay, Address, PostalCode, OwnerId, CityId, Capacity) values (25, 'ullamcorper purus', 0, 'Cras pellentesque volutpat dui.', 126, '59 Coolidge Park', 4907, 1, 33, 3);
insert into House (id, Name, Rating, Description, PricePerDay, Address, PostalCode, OwnerId, CityId, Capacity) values (26, 'platea dictumst', 0, 'Cum sociis natoque penatibus et magnis dis parturient montes, nascetur ridiculus mus.', 176, '0 Cardinal Street', 8739, 9, 13, 4);
insert into House (id, Name, Rating, Description, PricePerDay, Address, PostalCode, OwnerId, CityId, Capacity) values (27, 'a pede', 0, 'Nulla tellus.', 122, '45067 Prentice Trail', 1617, 5, 1, 2);
insert into House (id, Name, Rating, Description, PricePerDay, Address, PostalCode, OwnerId, CityId, Capacity) values (28, 'mattis odio', 0, 'Nulla facilisi.', 180, '39873 Florence Way', 5263, 9, 38, 5);
insert into House (id, Name, Rating, Description, PricePerDay, Address, PostalCode, OwnerId, CityId, Capacity) values (29, 'mollis molestie lorem', 0, 'Cum sociis natoque penatibus et magnis dis parturient montes, nascetur ridiculus mus.', 129, '2713 Fisk Center', 2323, 2, 2, 6);
insert into House (id, Name, Rating, Description, PricePerDay, Address, PostalCode, OwnerId, CityId, Capacity) values (30, 'lacus purus aliquet', 0, 'Pellentesque ultrices mattis odio.', 94, '7318 Eastlawn Place', 3113, 5, 11, 3);
insert into House (id, Name, Rating, Description, PricePerDay, Address, PostalCode, OwnerId, CityId, Capacity) values (31, 'egestas metus', 0, 'Proin at turpis a pede posuere nonummy.', 118, '851 Dwight Alley', 7736, 8, 18, 2);
insert into House (id, Name, Rating, Description, PricePerDay, Address, PostalCode, OwnerId, CityId, Capacity) values (32, 'consequat lectus', 0, 'Duis aliquam convallis nunc.', 154, '8278 Moulton Point', 4533, 1, 13, 4);
insert into House (id, Name, Rating, Description, PricePerDay, Address, PostalCode, OwnerId, CityId, Capacity) values (33, 'mi sit amet', 0, 'Morbi vel lectus in quam fringilla rhoncus.', 151, '96 Mifflin Parkway', 8681, 6, 49, 3);
insert into House (id, Name, Rating, Description, PricePerDay, Address, PostalCode, OwnerId, CityId, Capacity) values (34, 'lorem ipsum dolor', 0, 'Sed accumsan felis.', 83, '4715 Tennyson Terrace', 8764, 10, 22, 4);
insert into House (id, Name, Rating, Description, PricePerDay, Address, PostalCode, OwnerId, CityId, Capacity) values (35, 'nisi at', 0, 'Vestibulum sed magna at nunc commodo placerat.', 125, '84 Mallory Lane', 7925, 4, 14, 2);
insert into House (id, Name, Rating, Description, PricePerDay, Address, PostalCode, OwnerId, CityId, Capacity) values (36, 'odio odio', 0, 'Lorem ipsum dolor sit amet, consectetuer adipiscing elit.', 86, '134 Hovde Circle', 2015, 10, 44, 4);
insert into House (id, Name, Rating, Description, PricePerDay, Address, PostalCode, OwnerId, CityId, Capacity) values (37, 'suspendisse accumsan tortor', 0, 'Nulla facilisi.', 195, '5 Hermina Point', 5450, 9, 29, 3);
insert into House (id, Name, Rating, Description, PricePerDay, Address, PostalCode, OwnerId, CityId, Capacity) values (38, 'arcu sed augue', 0, 'Suspendisse potenti.', 186, '08 Sutherland Lane', 6881, 5, 11, 5);
insert into House (id, Name, Rating, Description, PricePerDay, Address, PostalCode, OwnerId, CityId, Capacity) values (39, 'justo maecenas', 0, 'Praesent id massa id nisl venenatis lacinia.', 102, '631 Lindbergh Court', 6396, 2, 24, 6);
insert into House (id, Name, Rating, Description, PricePerDay, Address, PostalCode, OwnerId, CityId, Capacity) values (40, 'erat fermentum justo', 0, 'Morbi non lectus.', 138, '2357 Quincy Plaza', 2428, 1, 38, 4);
insert into House (id, Name, Rating, Description, PricePerDay, Address, PostalCode, OwnerId, CityId, Capacity) values (41, 'integer aliquet massa', 0, 'Fusce congue, diam id ornare imperdiet, sapien urna pretium nisl, ut volutpat sapien arcu sed augue.', 33, '55288 Scofield Circle', 7010, 4, 28, 7);
insert into House (id, Name, Rating, Description, PricePerDay, Address, PostalCode, OwnerId, CityId, Capacity) values (42, 'vestibulum ante ipsum', 0, 'Vestibulum ante ipsum primis in faucibus orci luctus et ultrices posuere cubilia Curae; Mauris viverra diam vitae quam.', 127, '7 Rowland Pass', 1215, 2, 14, 8);
insert into House (id, Name, Rating, Description, PricePerDay, Address, PostalCode, OwnerId, CityId, Capacity) values (43, 'erat nulla', 0, 'Maecenas tristique, est et tempus semper, est quam pharetra magna, ac consequat metus sapien ut nunc.', 140, '22977 Loeprich Drive', 3345, 3, 28, 8);
insert into House (id, Name, Rating, Description, PricePerDay, Address, PostalCode, OwnerId, CityId, Capacity) values (44, 'vestibulum vestibulum ante', 0, 'Suspendisse potenti.', 77, '1 Algoma Center', 5658, 7, 18, 2);
insert into House (id, Name, Rating, Description, PricePerDay, Address, PostalCode, OwnerId, CityId, Capacity) values (45, 'enim in', 0, 'Cras pellentesque volutpat dui.', 88, '464 Lake View Place', 2456, 10, 5, 3);
insert into House (id, Name, Rating, Description, PricePerDay, Address, PostalCode, OwnerId, CityId, Capacity) values (46, 'vestibulum sagittis sapien', 0, 'Nulla mollis molestie lorem.', 150, '85 Thierer Parkway', 1371, 7, 18, 4);
insert into House (id, Name, Rating, Description, PricePerDay, Address, PostalCode, OwnerId, CityId, Capacity) values (47, 'vivamus in', 0, 'In hac habitasse platea dictumst.', 77, '0 Rockefeller Point', 5503, 1, 48, 4);
insert into House (id, Name, Rating, Description, PricePerDay, Address, PostalCode, OwnerId, CityId, Capacity) values (48, 'tristique est et', 0, 'Maecenas tincidunt lacus at velit.', 47, '9572 Graedel Circle', 4952, 8, 14, 3);
insert into House (id, Name, Rating, Description, PricePerDay, Address, PostalCode, OwnerId, CityId, Capacity) values (49, 'congue risus', 0, 'Integer a nibh.', 102, '11 Dahle Center', 7020, 4, 11, 2);
insert into House (id, Name, Rating, Description, PricePerDay, Address, PostalCode, OwnerId, CityId, Capacity) values (50, 'tortor duis', 0, 'Quisque erat eros, viverra eget, congue eget, semper rutrum, nulla.', 62, '2 Armistice Street', 3358, 4, 50, 1);


insert into House (id, Name, Rating, Description, PricePerDay, Address, PostalCode, OwnerId, CityId, Capacity) values (51, 'integer aliquet massa', 0, 'Fusce congue, diam id ornare imperdiet, sapien urna pretium nisl, ut volutpat sapien arcu sed augue.', 33, '55288 Scofield Circle', 7010, 1, 28, 7);
insert into House (id, Name, Rating, Description, PricePerDay, Address, PostalCode, OwnerId, CityId, Capacity) values (52, 'vestibulum ante ipsum', 0, 'Vestibulum ante ipsum primis in faucibus orci luctus et ultrices posuere cubilia Curae; Mauris viverra diam vitae quam.', 127, '7 Rowland Pass', 1215, 1, 14, 8);
insert into House (id, Name, Rating, Description, PricePerDay, Address, PostalCode, OwnerId, CityId, Capacity) values (53, 'erat nulla', 0, 'Maecenas tristique, est et tempus semper, est quam pharetra magna, ac consequat metus sapien ut nunc.', 140, '22977 Loeprich Drive', 3345, 1, 28, 8);
insert into House (id, Name, Rating, Description, PricePerDay, Address, PostalCode, OwnerId, CityId, Capacity) values (54, 'vestibulum vestibulum ante', 0, 'Suspendisse potenti.', 77, '1 Algoma Center', 5658, 1, 18, 2);
insert into House (id, Name, Rating, Description, PricePerDay, Address, PostalCode, OwnerId, CityId, Capacity) values (55, 'enim in', 0, 'Cras pellentesque volutpat dui.', 88, '464 Lake View Place', 2456, 1, 5, 3);
insert into House (id, Name, Rating, Description, PricePerDay, Address, PostalCode, OwnerId, CityId, Capacity) values (56, 'vestibulum sagittis sapien', 0, 'Nulla mollis molestie lorem.', 150, '85 Thierer Parkway', 1371, 1, 18, 4);
insert into House (id, Name, Rating, Description, PricePerDay, Address, PostalCode, OwnerId, CityId, Capacity) values (57, 'vivamus in', 0, 'In hac habitasse platea dictumst.', 77, '0 Rockefeller Point', 5503, 1, 48, 4);
insert into House (id, Name, Rating, Description, PricePerDay, Address, PostalCode, OwnerId, CityId, Capacity) values (58, 'tristique est et', 0, 'Maecenas tincidunt lacus at velit.', 47, '9572 Graedel Circle', 4952, 1, 14, 3);
insert into House (id, Name, Rating, Description, PricePerDay, Address, PostalCode, OwnerId, CityId, Capacity) values (59, 'congue risus', 0, 'Integer a nibh.', 102, '11 Dahle Center', 7020, 1, 11, 2);
insert into House (id, Name, Rating, Description, PricePerDay, Address, PostalCode, OwnerId, CityId, Capacity) values (60, 'tortor duis', 0, 'Quisque erat eros, viverra eget, congue eget, semper rutrum, nulla.', 62, '2 Armistice Street', 3358, 1, 50, 1);

insert into House (id, Name, Rating, Description, PricePerDay, Address, PostalCode, OwnerId, CityId, Capacity) values (61, 'integer aliquet massa', 0, 'Fusce congue, diam id ornare imperdiet, sapien urna pretium nisl, ut volutpat sapien arcu sed augue.', 33, '65288 Scofield Circle', 7010, 1, 28, 7);
insert into House (id, Name, Rating, Description, PricePerDay, Address, PostalCode, OwnerId, CityId, Capacity) values (62, 'vestibulum ante ipsum', 0, 'Vestibulum ante ipsum primis in faucibus orci luctus et ultrices posuere cubilia Curae; Mauris viverra diam 6itae quam.', 127, '7 Rowland Pass', 1215, 1, 14, 8);
insert into House (id, Name, Rating, Description, PricePerDay, Address, PostalCode, OwnerId, CityId, Capacity) values (63, 'erat nulla', 0, 'Maecenas tristique, est et tempus semper, est quam pharetra magna, ac consequat metus sapien ut nunc.', 140, '22977 Loe6rich Drive', 3345, 1, 28, 8);
insert into House (id, Name, Rating, Description, PricePerDay, Address, PostalCode, OwnerId, CityId, Capacity) values (64, 'vestibulum vestibulum ante', 0, 'Suspendisse potenti.', 77, '1 Algoma Center', 5658, 1, 18, 2)6
insert into House (id, Name, Rating, Description, PricePerDay, Address, PostalCode, OwnerId, CityId, Capacity) values (65, 'enim in', 0, 'Cras pellentesque volutpat dui.', 88, '464 Lake View Place', 2456, 1, 5, 3)6
insert into House (id, Name, Rating, Description, PricePerDay, Address, PostalCode, OwnerId, CityId, Capacity) values (66, 'vestibulum sagittis sapien', 0, 'Nulla mollis molestie lorem.', 150, '85 Thierer Parkway'6 1371, 1, 18, 4);
insert into House (id, Name, Rating, Description, PricePerDay, Address, PostalCode, OwnerId, CityId, Capacity) values (67, 'vivamus in', 0, 'In hac habitasse platea dictumst.', 77, '0 Rockefeller Point', 5503, 1, 68, 4);
insert into House (id, Name, Rating, Description, PricePerDay, Address, PostalCode, OwnerId, CityId, Capacity) values (68, 'tristique est et', 0, 'Maecenas tincidunt lacus at velit.', 47, '9572 Graedel C6ircle', 492, 1, 14, 3);
insert into House (id, Name, Rating, Description, PricePerDay, Address, PostalCode, OwnerId, CityId, Capacity) values (69, 'congue risus', 0, 'Integer a nibh.', 102, '11 Dahle Center', 7020, 1, 11, 2);
insert into House (id, Name, Rating, Description, PricePerDay, Address, PostalCode, OwnerId, CityId, Capacity) values (70, 'tortor duis', 0, 'Quisque erat eros, viverra eget, congue eget, semper rutrum, nulla.', 62, '2 Armistice Street', 3358, 1, 50, 1);


insert into House (id, Name, Rating, Description, PricePerDay, Address, PostalCode, OwnerId, CityId, Capacity) values (71, 'integer aliquet massa', 0, 'Fusce congue, diam id ornare imperdiet, sapien urna pretium nisl, ut volutpat sapien arcu sed augue.', 33, '65288 Scofield Circle', 7010, 1, 28, 7);
insert into House (id, Name, Rating, Description, PricePerDay, Address, PostalCode, OwnerId, CityId, Capacity) values (72, 'vestibulum ante ipsum', 0, 'Vestibulum ante ipsum primis in faucibus orci luctus et ultrices posuere cubilia Curae; Mauris viverra diam 6itae quam.', 127, '7 Rowland Pass', 1215, 1, 14, 8);
insert into House (id, Name, Rating, Description, PricePerDay, Address, PostalCode, OwnerId, CityId, Capacity) values (73, 'erat nulla', 0, 'Maecenas tristique, est et tempus semper, est quam pharetra magna, ac consequat metus sapien ut nunc.', 140, '22977 Loe6rich Drive', 3345, 1, 28, 8);
insert into House (id, Name, Rating, Description, PricePerDay, Address, PostalCode, OwnerId, CityId, Capacity) values (74, 'vestibulum vestibulum ante', 0, 'Suspendisse potenti.', 77, '1 Algoma Center', 5658, 1, 18, 2)6
insert into House (id, Name, Rating, Description, PricePerDay, Address, PostalCode, OwnerId, CityId, Capacity) values (75, 'enim in', 0, 'Cras pellentesque volutpat dui.', 88, '464 Lake View Place', 2456, 1, 5, 3)6
insert into House (id, Name, Rating, Description, PricePerDay, Address, PostalCode, OwnerId, CityId, Capacity) values (76, 'vestibulum sagittis sapien', 0, 'Nulla mollis molestie lorem.', 150, '85 Thierer Parkway'6 1371, 1, 18, 4);
insert into House (id, Name, Rating, Description, PricePerDay, Address, PostalCode, OwnerId, CityId, Capacity) values (77, 'vivamus in', 0, 'In hac habitasse platea dictumst.', 77, '0 Rockefeller Point', 5503, 1, 68, 4);
insert into House (id, Name, Rating, Description, PricePerDay, Address, PostalCode, OwnerId, CityId, Capacity) values (78, 'tristique est et', 0, 'Maecenas tincidunt lacus at velit.', 47, '9572 Graedel C6ircle', 492, 1, 14, 3);
insert into House (id, Name, Rating, Description, PricePerDay, Address, PostalCode, OwnerId, CityId, Capacity) values (79, 'congue risus', 0, 'Integer a nibh.', 102, '11 Dahle Center', 7020, 1, 11, 2);
insert into House (id, Name, Rating, Description, PricePerDay, Address, PostalCode, OwnerId, CityId, Capacity) values (80, 'tortor duis', 0, 'Quisque erat eros, viverra eget, congue eget, semper rutrum, nulla.', 62, '2 Armistice Street', 3358, 1, 50, 1);






insert into Commodity (id, Description, Type, HouseId) values (1, 'Maecenas tincidunt lacus at velit.', 'Donec posuere metus vitae ipsum.', 2);
insert into Commodity (id, Description, Type, HouseId) values (2, 'Morbi non lectus. Aliquam sit amet diam in magna bibendum imperdiet.', 'Curabitur in libero ut massa volutpat convallis.', 33);
insert into Commodity (id, Description, Type, HouseId) values (3, 'Pellentesque eget nunc.', 'Nam dui.', 28);
insert into Commodity (id, Description, Type, HouseId) values (4, 'Etiam faucibus cursus urna.', 'Donec diam neque, vestibulum eget, vulputate ut, ultrices vel, augue.', 45);
insert into Commodity (id, Description, Type, HouseId) values (5, 'Donec dapibus. Duis at velit eu est congue elementum.', 'Quisque id justo sit amet sapien dignissim vestibulum.', 12);
insert into Commodity (id, Description, Type, HouseId) values (6, 'Aenean fermentum. Donec ut mauris eget massa tempor convallis.', 'Praesent blandit lacinia erat.', 6);
insert into Commodity (id, Description, Type, HouseId) values (7, 'Morbi odio odio, elementum eu, interdum eu, tincidunt in, leo.', 'Fusce lacus purus, aliquet at, feugiat non, pretium quis, lectus.', 49);
insert into Commodity (id, Description, Type, HouseId) values (8, 'Donec ut mauris eget massa tempor convallis.', 'Quisque id justo sit amet sapien dignissim vestibulum.', 43);
insert into Commodity (id, Description, Type, HouseId) values (9, 'Maecenas rhoncus aliquam lacus.', 'Maecenas tincidunt lacus at velit.', 20);
insert into Commodity (id, Description, Type, HouseId) values (10, 'Quisque erat eros, viverra eget, congue eget, semper rutrum, nulla. Nunc purus.', 'Praesent blandit.', 16);
insert into Commodity (id, Description, Type, HouseId) values (11, 'Pellentesque at nulla.', 'Vestibulum ac est lacinia nisi venenatis tristique.', 3);
insert into Commodity (id, Description, Type, HouseId) values (12, 'Fusce consequat. Nulla nisl.', 'Donec vitae nisi.', 8);
insert into Commodity (id, Description, Type, HouseId) values (13, 'Nullam porttitor lacus at turpis.', 'Nulla ut erat id mauris vulputate elementum.', 40);
insert into Commodity (id, Description, Type, HouseId) values (14, 'Morbi vestibulum, velit id pretium iaculis, diam erat fermentum justo, nec condimentum neque sapien placerat ante. Nulla justo.', 'Morbi vestibulum, velit id pretium iaculis, diam erat fermentum justo, nec condimentum neque sapien placerat ante.', 22);
insert into Commodity (id, Description, Type, HouseId) values (15, 'Suspendisse potenti. Cras in purus eu magna vulputate luctus.', 'Nulla neque libero, convallis eget, eleifend luctus, ultricies eu, nibh.', 15);
insert into Commodity (id, Description, Type, HouseId) values (16, 'Praesent blandit.', 'Proin at turpis a pede posuere nonummy.', 9);
insert into Commodity (id, Description, Type, HouseId) values (17, 'Proin at turpis a pede posuere nonummy.', 'Maecenas tristique, est et tempus semper, est quam pharetra magna, ac consequat metus sapien ut nunc.', 13);
insert into Commodity (id, Description, Type, HouseId) values (18, 'In eleifend quam a odio.', 'Nullam porttitor lacus at turpis.', 1);
insert into Commodity (id, Description, Type, HouseId) values (19, 'In quis justo. Maecenas rhoncus aliquam lacus.', 'Nullam porttitor lacus at turpis.', 19);
insert into Commodity (id, Description, Type, HouseId) values (20, 'Cras in purus eu magna vulputate luctus. Cum sociis natoque penatibus et magnis dis parturient montes, nascetur ridiculus mus.', 'In est risus, auctor sed, tristique in, tempus sit amet, sem.', 37);
insert into Commodity (id, Description, Type, HouseId) values (21, 'Vestibulum sed magna at nunc commodo placerat.', 'Nunc nisl.', 16);
insert into Commodity (id, Description, Type, HouseId) values (22, 'Pellentesque ultrices mattis odio.', 'Donec quis orci eget orci vehicula condimentum.', 3);
insert into Commodity (id, Description, Type, HouseId) values (23, 'Maecenas tincidunt lacus at velit. Vivamus vel nulla eget eros elementum pellentesque.', 'Vestibulum ante ipsum primis in faucibus orci luctus et ultrices posuere cubilia Curae; Donec pharetra, magna vestibulum aliquet ultrices, erat tortor sollicitudin mi, sit amet lobortis sapien sapien non mi.', 5);
insert into Commodity (id, Description, Type, HouseId) values (24, 'Donec diam neque, vestibulum eget, vulputate ut, ultrices vel, augue. Vestibulum ante ipsum primis in faucibus orci luctus et ultrices posuere cubilia Curae; Donec pharetra, magna vestibulum aliquet ultrices, erat tortor sollicitudin mi, sit amet lobortis sapien sapien non mi.', 'Vivamus tortor.', 27);
insert into Commodity (id, Description, Type, HouseId) values (25, 'Morbi sem mauris, laoreet ut, rhoncus aliquet, pulvinar sed, nisl. Nunc rhoncus dui vel sem.', 'Aenean sit amet justo.', 20);
insert into Commodity (id, Description, Type, HouseId) values (26, 'Nulla nisl.', 'Vivamus vel nulla eget eros elementum pellentesque.', 23);
insert into Commodity (id, Description, Type, HouseId) values (27, 'Fusce lacus purus, aliquet at, feugiat non, pretium quis, lectus. Suspendisse potenti.', 'Cras pellentesque volutpat dui.', 38);
insert into Commodity (id, Description, Type, HouseId) values (28, 'Lorem ipsum dolor sit amet, consectetuer adipiscing elit.', 'Phasellus in felis.', 49);
insert into Commodity (id, Description, Type, HouseId) values (29, 'Morbi non quam nec dui luctus rutrum. Nulla tellus.', 'Quisque arcu libero, rutrum ac, lobortis vel, dapibus at, diam.', 29);
insert into Commodity (id, Description, Type, HouseId) values (30, 'Sed vel enim sit amet nunc viverra dapibus.', 'Morbi quis tortor id nulla ultrices aliquet.', 35);
insert into Commodity (id, Description, Type, HouseId) values (31, 'Donec semper sapien a libero.', 'Nulla ac enim.', 45);
insert into Commodity (id, Description, Type, HouseId) values (32, 'Nam nulla. Integer pede justo, lacinia eget, tincidunt eget, tempus vel, pede.', 'Nam congue, risus semper porta volutpat, quam pede lobortis ligula, sit amet eleifend pede libero quis orci.', 13);
insert into Commodity (id, Description, Type, HouseId) values (33, 'Suspendisse potenti.', 'Nam tristique tortor eu pede.', 18);
insert into Commodity (id, Description, Type, HouseId) values (34, 'In hac habitasse platea dictumst.', 'Aliquam quis turpis eget elit sodales scelerisque.', 6);
insert into Commodity (id, Description, Type, HouseId) values (35, 'Maecenas pulvinar lobortis est.', 'Nam congue, risus semper porta volutpat, quam pede lobortis ligula, sit amet eleifend pede libero quis orci.', 27);
insert into Commodity (id, Description, Type, HouseId) values (36, 'Proin eu mi. Nulla ac enim.', 'Proin risus.', 11);
insert into Commodity (id, Description, Type, HouseId) values (37, 'Cum sociis natoque penatibus et magnis dis parturient montes, nascetur ridiculus mus.', 'Maecenas pulvinar lobortis est.', 28);
insert into Commodity (id, Description, Type, HouseId) values (38, 'Nulla mollis molestie lorem. Quisque ut erat.', 'Aliquam erat volutpat.', 34);
insert into Commodity (id, Description, Type, HouseId) values (39, 'Aenean lectus. Pellentesque eget nunc.', 'Morbi non lectus.', 36);
insert into Commodity (id, Description, Type, HouseId) values (40, 'Etiam vel augue.', 'Sed ante.', 24);
insert into Commodity (id, Description, Type, HouseId) values (41, 'Cras non velit nec nisi vulputate nonummy. Maecenas tincidunt lacus at velit.', 'Nullam molestie nibh in lectus.', 22);
insert into Commodity (id, Description, Type, HouseId) values (42, 'Nulla justo. Aliquam quis turpis eget elit sodales scelerisque.', 'Duis bibendum, felis sed interdum venenatis, turpis enim blandit mi, in porttitor pede justo eu massa.', 29);
insert into Commodity (id, Description, Type, HouseId) values (43, 'Donec ut dolor.', 'Nullam orci pede, venenatis non, sodales sed, tincidunt eu, felis.', 9);
insert into Commodity (id, Description, Type, HouseId) values (44, 'Donec dapibus. Duis at velit eu est congue elementum.', 'Suspendisse accumsan tortor quis turpis.', 34);
insert into Commodity (id, Description, Type, HouseId) values (45, 'Integer ac leo.', 'Praesent blandit lacinia erat.', 25);
insert into Commodity (id, Description, Type, HouseId) values (46, 'Cras mi pede, malesuada in, imperdiet et, commodo vulputate, justo.', 'Integer aliquet, massa id lobortis convallis, tortor risus dapibus augue, vel accumsan tellus nisi eu orci.', 15);
insert into Commodity (id, Description, Type, HouseId) values (47, 'Morbi vestibulum, velit id pretium iaculis, diam erat fermentum justo, nec condimentum neque sapien placerat ante.', 'In congue.', 20);
insert into Commodity (id, Description, Type, HouseId) values (48, 'Duis bibendum, felis sed interdum venenatis, turpis enim blandit mi, in porttitor pede justo eu massa. Donec dapibus.', 'Praesent blandit.', 46);
insert into Commodity (id, Description, Type, HouseId) values (49, 'Phasellus id sapien in sapien iaculis congue. Vivamus metus arcu, adipiscing molestie, hendrerit at, vulputate vitae, nisl.', 'Nulla nisl.', 11);
insert into Commodity (id, Description, Type, HouseId) values (50, 'Integer pede justo, lacinia eget, tincidunt eget, tempus vel, pede. Morbi porttitor lorem id ligula.', 'Etiam justo.', 3);
insert into Commodity (id, Description, Type, HouseId) values (51, 'Nulla facilisi. Cras non velit nec nisi vulputate nonummy.', 'Nullam varius.', 30);
insert into Commodity (id, Description, Type, HouseId) values (52, 'In eleifend quam a odio.', 'Vestibulum quam sapien, varius ut, blandit non, interdum in, ante.', 17);
insert into Commodity (id, Description, Type, HouseId) values (53, 'Nullam molestie nibh in lectus.', 'In congue.', 8);
insert into Commodity (id, Description, Type, HouseId) values (54, 'Donec dapibus. Duis at velit eu est congue elementum.', 'Nam ultrices, libero non mattis pulvinar, nulla pede ullamcorper augue, a suscipit nulla elit ac nulla.', 26);
insert into Commodity (id, Description, Type, HouseId) values (55, 'Maecenas tincidunt lacus at velit. Vivamus vel nulla eget eros elementum pellentesque.', 'Nulla neque libero, convallis eget, eleifend luctus, ultricies eu, nibh.', 40);
insert into Commodity (id, Description, Type, HouseId) values (56, 'Morbi non quam nec dui luctus rutrum. Nulla tellus.', 'Suspendisse potenti.', 40);
insert into Commodity (id, Description, Type, HouseId) values (57, 'Donec ut mauris eget massa tempor convallis.', 'Proin leo odio, porttitor id, consequat in, consequat ut, nulla.', 7);
insert into Commodity (id, Description, Type, HouseId) values (58, 'Donec ut mauris eget massa tempor convallis. Nulla neque libero, convallis eget, eleifend luctus, ultricies eu, nibh.', 'Nullam molestie nibh in lectus.', 13);
insert into Commodity (id, Description, Type, HouseId) values (59, 'Donec semper sapien a libero. Nam dui.', 'Morbi non quam nec dui luctus rutrum.', 50);
insert into Commodity (id, Description, Type, HouseId) values (60, 'Etiam faucibus cursus urna.', 'Donec quis orci eget orci vehicula condimentum.', 12);
insert into Commodity (id, Description, Type, HouseId) values (61, 'Integer aliquet, massa id lobortis convallis, tortor risus dapibus augue, vel accumsan tellus nisi eu orci.', 'Mauris enim leo, rhoncus sed, vestibulum sit amet, cursus id, turpis.', 37);
insert into Commodity (id, Description, Type, HouseId) values (62, 'Cras non velit nec nisi vulputate nonummy.', 'In congue.', 6);
insert into Commodity (id, Description, Type, HouseId) values (63, 'Vestibulum ante ipsum primis in faucibus orci luctus et ultrices posuere cubilia Curae; Donec pharetra, magna vestibulum aliquet ultrices, erat tortor sollicitudin mi, sit amet lobortis sapien sapien non mi.', 'Nunc rhoncus dui vel sem.', 18);
insert into Commodity (id, Description, Type, HouseId) values (64, 'Mauris enim leo, rhoncus sed, vestibulum sit amet, cursus id, turpis.', 'Donec semper sapien a libero.', 45);
insert into Commodity (id, Description, Type, HouseId) values (65, 'In hac habitasse platea dictumst.', 'Aenean fermentum.', 15);
insert into Commodity (id, Description, Type, HouseId) values (66, 'Donec dapibus.', 'Nam tristique tortor eu pede.', 2);
insert into Commodity (id, Description, Type, HouseId) values (67, 'Vivamus vel nulla eget eros elementum pellentesque.', 'Donec ut dolor.', 35);
insert into Commodity (id, Description, Type, HouseId) values (68, 'Lorem ipsum dolor sit amet, consectetuer adipiscing elit. Proin risus.', 'Integer ac neque.', 9);
insert into Commodity (id, Description, Type, HouseId) values (69, 'Aenean auctor gravida sem. Praesent id massa id nisl venenatis lacinia.', 'Nulla ut erat id mauris vulputate elementum.', 42);
insert into Commodity (id, Description, Type, HouseId) values (70, 'Vestibulum quam sapien, varius ut, blandit non, interdum in, ante.', 'Etiam justo.', 13);
insert into Commodity (id, Description, Type, HouseId) values (71, 'Integer aliquet, massa id lobortis convallis, tortor risus dapibus augue, vel accumsan tellus nisi eu orci.', 'Etiam justo.', 6);
insert into Commodity (id, Description, Type, HouseId) values (72, 'Nulla mollis molestie lorem.', 'Duis ac nibh.', 9);
insert into Commodity (id, Description, Type, HouseId) values (73, 'Vestibulum ante ipsum primis in faucibus orci luctus et ultrices posuere cubilia Curae; Duis faucibus accumsan odio. Curabitur convallis.', 'Duis aliquam convallis nunc.', 8);
insert into Commodity (id, Description, Type, HouseId) values (74, 'Aliquam sit amet diam in magna bibendum imperdiet. Nullam orci pede, venenatis non, sodales sed, tincidunt eu, felis.', 'Curabitur gravida nisi at nibh.', 37);
insert into Commodity (id, Description, Type, HouseId) values (75, 'Cum sociis natoque penatibus et magnis dis parturient montes, nascetur ridiculus mus. Etiam vel augue.', 'Integer ac neque.', 44);
insert into Commodity (id, Description, Type, HouseId) values (76, 'Integer non velit. Donec diam neque, vestibulum eget, vulputate ut, ultrices vel, augue.', 'Cras mi pede, malesuada in, imperdiet et, commodo vulputate, justo.', 3);
insert into Commodity (id, Description, Type, HouseId) values (77, 'Maecenas rhoncus aliquam lacus.', 'Fusce consequat.', 48);
insert into Commodity (id, Description, Type, HouseId) values (78, 'Vivamus tortor. Duis mattis egestas metus.', 'Curabitur gravida nisi at nibh.', 15);
insert into Commodity (id, Description, Type, HouseId) values (79, 'Nulla tempus.', 'Vivamus in felis eu sapien cursus vestibulum.', 49);
insert into Commodity (id, Description, Type, HouseId) values (80, 'Nulla tellus. In sagittis dui vel nisl.', 'Curabitur convallis.', 36);
insert into Commodity (id, Description, Type, HouseId) values (81, 'Integer ac leo. Pellentesque ultrices mattis odio.', 'Curabitur at ipsum ac tellus semper interdum.', 18);
insert into Commodity (id, Description, Type, HouseId) values (82, 'Morbi non quam nec dui luctus rutrum. Nulla tellus.', 'Suspendisse potenti.', 46);
insert into Commodity (id, Description, Type, HouseId) values (83, 'Praesent blandit lacinia erat.', 'Phasellus in felis.', 11);
insert into Commodity (id, Description, Type, HouseId) values (84, 'Suspendisse potenti. In eleifend quam a odio.', 'Maecenas tristique, est et tempus semper, est quam pharetra magna, ac consequat metus sapien ut nunc.', 40);
insert into Commodity (id, Description, Type, HouseId) values (85, 'Duis ac nibh. Fusce lacus purus, aliquet at, feugiat non, pretium quis, lectus.', 'Vestibulum ac est lacinia nisi venenatis tristique.', 17);
insert into Commodity (id, Description, Type, HouseId) values (86, 'Nam nulla. Integer pede justo, lacinia eget, tincidunt eget, tempus vel, pede.', 'Integer ac neque.', 18);
insert into Commodity (id, Description, Type, HouseId) values (87, 'Aliquam quis turpis eget elit sodales scelerisque. Mauris sit amet eros.', 'Duis at velit eu est congue elementum.', 40);
insert into Commodity (id, Description, Type, HouseId) values (88, 'Suspendisse ornare consequat lectus.', 'Vestibulum ac est lacinia nisi venenatis tristique.', 30);
insert into Commodity (id, Description, Type, HouseId) values (89, 'Vestibulum ante ipsum primis in faucibus orci luctus et ultrices posuere cubilia Curae; Duis faucibus accumsan odio.', 'Pellentesque viverra pede ac diam.', 46);
insert into Commodity (id, Description, Type, HouseId) values (90, 'Proin risus. Praesent lectus.', 'Nullam sit amet turpis elementum ligula vehicula consequat.', 48);
insert into Commodity (id, Description, Type, HouseId) values (91, 'Nullam sit amet turpis elementum ligula vehicula consequat. Morbi a ipsum.', 'Nullam sit amet turpis elementum ligula vehicula consequat.', 40);
insert into Commodity (id, Description, Type, HouseId) values (92, 'Nullam molestie nibh in lectus.', 'Integer ac leo.', 32);
insert into Commodity (id, Description, Type, HouseId) values (93, 'Nulla justo.', 'Pellentesque eget nunc.', 28);
insert into Commodity (id, Description, Type, HouseId) values (94, 'Donec odio justo, sollicitudin ut, suscipit a, feugiat et, eros. Vestibulum ac est lacinia nisi venenatis tristique.', 'Duis bibendum.', 25);
insert into Commodity (id, Description, Type, HouseId) values (95, 'Etiam vel augue.', 'Cras non velit nec nisi vulputate nonummy.', 45);
insert into Commodity (id, Description, Type, HouseId) values (96, 'Nam congue, risus semper porta volutpat, quam pede lobortis ligula, sit amet eleifend pede libero quis orci. Nullam molestie nibh in lectus.', 'Proin eu mi.', 15);
insert into Commodity (id, Description, Type, HouseId) values (97, 'Maecenas pulvinar lobortis est. Phasellus sit amet erat.', 'Cum sociis natoque penatibus et magnis dis parturient montes, nascetur ridiculus mus.', 31);
insert into Commodity (id, Description, Type, HouseId) values (98, 'Vivamus in felis eu sapien cursus vestibulum.', 'Morbi odio odio, elementum eu, interdum eu, tincidunt in, leo.', 49);
insert into Commodity (id, Description, Type, HouseId) values (99, 'Pellentesque at nulla. Suspendisse potenti.', 'Aliquam sit amet diam in magna bibendum imperdiet.', 30);
insert into Commodity (id, Description, Type, HouseId) values (100, 'Sed vel enim sit amet nunc viverra dapibus. Nulla suscipit ligula in lacus.', 'Morbi odio odio, elementum eu, interdum eu, tincidunt in, leo.', 41);


insert into Available (id, StartDate, EndDate, Discount, HouseId) values (1, '2020-09-23', '2021-09-30', 0 ,1);
insert into Available (id, StartDate, EndDate, Discount, HouseId) values (2, '2020-09-20', '2021-03-14', 0 ,2);
insert into Available (id, StartDate, EndDate, Discount, HouseId) values (3, '2020-02-06', '2021-06-16', 0 ,3);
insert into Available (id, StartDate, EndDate, Discount, HouseId) values (4, '2020-08-27', '2021-04-01', 0 ,4);
insert into Available (id, StartDate, EndDate, Discount, HouseId) values (5, '2020-06-26', '2021-08-29', 0 ,5);
insert into Available (id, StartDate, EndDate, Discount, HouseId) values (6, '2020-03-10', '2021-02-03', 0 ,6);
insert into Available (id, StartDate, EndDate, Discount, HouseId) values (7, '2020-04-03', '2021-07-09', 0 ,7);
insert into Available (id, StartDate, EndDate, Discount, HouseId) values (8, '2020-03-06', '2021-05-21', 0 ,8);
insert into Available (id, StartDate, EndDate, Discount, HouseId) values (9, '2020-12-11', '2021-07-10', 0 ,9);
insert into Available (id, StartDate, EndDate, Discount, HouseId) values (10, '2020-04-21', '2021-10-24', 0, 10);
insert into Available (id, StartDate, EndDate, Discount, HouseId) values (11, '2020-10-26', '2021-10-15', 0, 11);
insert into Available (id, StartDate, EndDate, Discount, HouseId) values (12, '2020-10-15', '2021-04-28', 0, 12);
insert into Available (id, StartDate, EndDate, Discount, HouseId) values (13, '2020-06-17', '2021-10-25', 0, 13);
insert into Available (id, StartDate, EndDate, Discount, HouseId) values (14, '2020-03-29', '2021-03-14', 0, 14);
insert into Available (id, StartDate, EndDate, Discount, HouseId) values (15, '2020-09-03', '2021-10-15', 0, 15);
insert into Available (id, StartDate, EndDate, Discount, HouseId) values (16, '2020-10-01', '2021-04-06', 0, 16);
insert into Available (id, StartDate, EndDate, Discount, HouseId) values (17, '2020-10-06', '2021-12-07', 0, 17);
insert into Available (id, StartDate, EndDate, Discount, HouseId) values (18, '2020-02-13', '2021-04-12', 0, 18);
insert into Available (id, StartDate, EndDate, Discount, HouseId) values (19, '2020-03-01', '2021-09-29', 0, 19);
insert into Available (id, StartDate, EndDate, Discount, HouseId) values (20, '2020-11-15', '2021-12-20', 0, 20);
insert into Available (id, StartDate, EndDate, Discount, HouseId) values (21, '2020-12-11', '2021-08-31', 0, 21);
insert into Available (id, StartDate, EndDate, Discount, HouseId) values (22, '2020-08-10', '2021-04-27', 0, 22);
insert into Available (id, StartDate, EndDate, Discount, HouseId) values (23, '2020-12-28', '2021-08-01', 0, 23);
insert into Available (id, StartDate, EndDate, Discount, HouseId) values (24, '2020-07-02', '2021-07-06', 0, 24);
insert into Available (id, StartDate, EndDate, Discount, HouseId) values (25, '2020-01-20', '2021-02-08', 0, 25);
insert into Available (id, StartDate, EndDate, Discount, HouseId) values (26, '2020-10-22', '2021-09-01', 0, 26);
insert into Available (id, StartDate, EndDate, Discount, HouseId) values (27, '2020-06-25', '2021-10-29', 0, 27);
insert into Available (id, StartDate, EndDate, Discount, HouseId) values (28, '2020-03-25', '2021-12-12', 0, 28);
insert into Available (id, StartDate, EndDate, Discount, HouseId) values (29, '2020-07-08', '2021-07-16', 0, 29);
insert into Available (id, StartDate, EndDate, Discount, HouseId) values (30, '2020-08-07', '2021-03-24', 0, 30);
insert into Available (id, StartDate, EndDate, Discount, HouseId) values (31, '2020-09-20', '2021-12-09', 0, 31);
insert into Available (id, StartDate, EndDate, Discount, HouseId) values (32, '2020-06-17', '2021-06-16', 0, 32);
insert into Available (id, StartDate, EndDate, Discount, HouseId) values (33, '2020-09-03', '2021-07-20', 0, 33);
insert into Available (id, StartDate, EndDate, Discount, HouseId) values (34, '2020-11-19', '2021-05-20', 0, 34);
insert into Available (id, StartDate, EndDate, Discount, HouseId) values (35, '2020-01-17', '2021-07-25', 0, 35);
insert into Available (id, StartDate, EndDate, Discount, HouseId) values (36, '2020-10-07', '2021-05-03', 0, 36);
insert into Available (id, StartDate, EndDate, Discount, HouseId) values (37, '2020-02-02', '2021-09-20', 0, 37);
insert into Available (id, StartDate, EndDate, Discount, HouseId) values (38, '2020-11-12', '2021-08-08', 0, 38);
insert into Available (id, StartDate, EndDate, Discount, HouseId) values (39, '2020-06-17', '2021-09-16', 0, 39);
insert into Available (id, StartDate, EndDate, Discount, HouseId) values (40, '2020-11-21', '2021-03-15', 0, 40);
insert into Available (id, StartDate, EndDate, Discount, HouseId) values (41, '2020-07-28', '2021-04-20', 0, 41);
insert into Available (id, StartDate, EndDate, Discount, HouseId) values (42, '2020-05-05', '2021-09-16', 0, 42);
insert into Available (id, StartDate, EndDate, Discount, HouseId) values (43, '2020-01-08', '2021-05-30', 0, 43);
insert into Available (id, StartDate, EndDate, Discount, HouseId) values (44, '2020-08-02', '2021-11-21', 0, 44);
insert into Available (id, StartDate, EndDate, Discount, HouseId) values (45, '2020-01-03', '2021-08-12', 0, 45);
insert into Available (id, StartDate, EndDate, Discount, HouseId) values (46, '2020-09-06', '2021-03-15', 0, 46);
insert into Available (id, StartDate, EndDate, Discount, HouseId) values (47, '2020-02-14', '2021-09-25', 0, 47);
insert into Available (id, StartDate, EndDate, Discount, HouseId) values (48, '2020-12-10', '2021-03-25', 0, 48);
insert into Available (id, StartDate, EndDate, Discount, HouseId) values (49, '2020-05-20', '2021-10-06', 0, 49);
insert into Available (id, StartDate, EndDate, Discount, HouseId) values (50, '2020-12-02', '2021-10-12', 0, 50);

insert into Rent (Id, StartDate, EndDate, NumberOfDays, Price, HouseId, TouristId) values (1, '2018-01-04', '2019-03-27', null, null, 18, 2);
insert into Rent (Id, StartDate, EndDate, NumberOfDays, Price, HouseId, TouristId) values (2, '2018-01-12', '2019-03-06', null, null, 26, 2);
insert into Rent (Id, StartDate, EndDate, NumberOfDays, Price, HouseId, TouristId) values (3, '2018-04-25', '2018-11-19', null, null, 15, 2);
insert into Rent (Id, StartDate, EndDate, NumberOfDays, Price, HouseId, TouristId) values (4, '2018-09-18', '2018-11-17', null, null, 2, 2);
insert into Rent (Id, StartDate, EndDate, NumberOfDays, Price, HouseId, TouristId) values (5, '2018-10-27', '2019-01-07', null, null, 12, 2);
insert into Rent (Id, StartDate, EndDate, NumberOfDays, Price, HouseId, TouristId) values (6, '2018-07-09', '2018-11-14', null, null, 15, 2);
insert into Rent (Id, StartDate, EndDate, NumberOfDays, Price, HouseId, TouristId) values (7, '2018-07-25', '2019-08-03', null, null, 36, 2);
insert into Rent (Id, StartDate, EndDate, NumberOfDays, Price, HouseId, TouristId) values (8, '2018-04-10', '2019-04-14', null, null, 21, 3);
insert into Rent (Id, StartDate, EndDate, NumberOfDays, Price, HouseId, TouristId) values (9, '2018-01-13', '2019-07-29', null, null, 9, 2);
insert into Rent (Id, StartDate, EndDate, NumberOfDays, Price, HouseId, TouristId) values (10, '2018-05-12', '2019-06-20', null, null, 44, 2);
insert into Rent (Id, StartDate, EndDate, NumberOfDays, Price, HouseId, TouristId) values (11, '2017-12-19', '2019-09-07', null, null, 42, 4);
insert into Rent (Id, StartDate, EndDate, NumberOfDays, Price, HouseId, TouristId) values (12, '2018-02-02', '2019-06-06', null, null, 10, 5);
insert into Rent (Id, StartDate, EndDate, NumberOfDays, Price, HouseId, TouristId) values (13, '2018-07-27', '2019-04-30', null, null, 38, 2);
insert into Rent (Id, StartDate, EndDate, NumberOfDays, Price, HouseId, TouristId) values (14, '2018-09-16', '2019-10-11', null, null, 12, 2);
insert into Rent (Id, StartDate, EndDate, NumberOfDays, Price, HouseId, TouristId) values (15, '2017-12-12', '2019-09-22', null, null, 20, 7);
insert into Rent (Id, StartDate, EndDate, NumberOfDays, Price, HouseId, TouristId) values (16, '2018-07-16', '2019-01-15', null, null, 16, 2);
insert into Rent (Id, StartDate, EndDate, NumberOfDays, Price, HouseId, TouristId) values (17, '2018-09-01', '2018-11-14', null, null, 10, 2);
insert into Rent (Id, StartDate, EndDate, NumberOfDays, Price, HouseId, TouristId) values (18, '2017-11-09', '2019-09-22', null, null, 47,2);
insert into Rent (Id, StartDate, EndDate, NumberOfDays, Price, HouseId, TouristId) values (19, '2017-12-14', '2019-06-06', null, null, 41, 2);
insert into Rent (Id, StartDate, EndDate, NumberOfDays, Price, HouseId, TouristId) values (20, '2017-11-19', '2019-02-06', null, null, 44, 2);
insert into Rent (Id, StartDate, EndDate, NumberOfDays, Price, HouseId, TouristId) values (21, '2018-05-10', '2019-03-16', null, null, 38, 2);
insert into Rent (Id, StartDate, EndDate, NumberOfDays, Price, HouseId, TouristId) values (22, '2018-07-28', '2019-06-11', null, null, 47, 2);
insert into Rent (Id, StartDate, EndDate, NumberOfDays, Price, HouseId, TouristId) values (23, '2018-10-09', '2019-03-14', null, null, 43, 2);
insert into Rent (Id, StartDate, EndDate, NumberOfDays, Price, HouseId, TouristId) values (24, '2018-07-06', '2019-11-05', null, null, 17, 8);
insert into Rent (Id, StartDate, EndDate, NumberOfDays, Price, HouseId, TouristId) values (25, '2017-11-28', '2019-10-26', null, null, 47, 2);
insert into Rent (Id, StartDate, EndDate, NumberOfDays, Price, HouseId, TouristId) values (26, '2018-05-25', '2019-04-26', null, null, 1, 2);
insert into Rent (Id, StartDate, EndDate, NumberOfDays, Price, HouseId, TouristId) values (27, '2018-04-25', '2019-03-29', null, null, 28,2);
insert into Rent (Id, StartDate, EndDate, NumberOfDays, Price, HouseId, TouristId) values (28, '2017-11-14', '2019-01-10', null, null, 20, 1);
insert into Rent (Id, StartDate, EndDate, NumberOfDays, Price, HouseId, TouristId) values (29, '2018-05-20', '2019-08-12', null, null, 14, 2);
insert into Rent (Id, StartDate, EndDate, NumberOfDays, Price, HouseId, TouristId) values (30, '2018-05-12', '2019-08-01', null, null, 34, 2);
insert into Rent (Id, StartDate, EndDate, NumberOfDays, Price, HouseId, TouristId) values (31, '2018-01-21', '2019-05-29', null, null, 30, 2);
insert into Rent (Id, StartDate, EndDate, NumberOfDays, Price, HouseId, TouristId) values (32, '2017-12-04', '2019-05-19', null, null, 45, 2);
insert into Rent (Id, StartDate, EndDate, NumberOfDays, Price, HouseId, TouristId) values (33, '2018-07-17', '2018-12-28', null, null, 33,2);
insert into Rent (Id, StartDate, EndDate, NumberOfDays, Price, HouseId, TouristId) values (34, '2017-11-20', '2018-11-07', null, null, 14, 2);
insert into Rent (Id, StartDate, EndDate, NumberOfDays, Price, HouseId, TouristId) values (35, '2017-12-29', '2019-03-25', null, null, 33, 2);
insert into Rent (Id, StartDate, EndDate, NumberOfDays, Price, HouseId, TouristId) values (36, '2018-05-25', '2019-08-10', null, null, 44, 2);
insert into Rent (Id, StartDate, EndDate, NumberOfDays, Price, HouseId, TouristId) values (37, '2018-07-13', '2019-08-15', null, null, 21, 2);
insert into Rent (Id, StartDate, EndDate, NumberOfDays, Price, HouseId, TouristId) values (38, '2018-04-08', '2019-04-24', null, null, 34, 6);
insert into Rent (Id, StartDate, EndDate, NumberOfDays, Price, HouseId, TouristId) values (39, '2018-04-07', '2019-04-27', null, null, 24, 9);
insert into Rent (Id, StartDate, EndDate, NumberOfDays, Price, HouseId, TouristId) values (40, '2018-05-03', '2019-08-05', null, null, 35, 10);
insert into Rent (Id, StartDate, EndDate, NumberOfDays, Price, HouseId, TouristId) values (41, '2018-02-03', '2019-11-01', null, null, 26, 2);
insert into Rent (Id, StartDate, EndDate, NumberOfDays, Price, HouseId, TouristId) values (42, '2018-07-20', '2019-09-20', null, null, 34, 3);
insert into Rent (Id, StartDate, EndDate, NumberOfDays, Price, HouseId, TouristId) values (43, '2018-05-02', '2019-10-01', null, null, 42, 4);
insert into Rent (Id, StartDate, EndDate, NumberOfDays, Price, HouseId, TouristId) values (44, '2018-04-01', '2018-12-23', null, null, 9, 2);
insert into Rent (Id, StartDate, EndDate, NumberOfDays, Price, HouseId, TouristId) values (45, '2018-09-18', '2019-08-29', null, null, 27, 2);
insert into Rent (Id, StartDate, EndDate, NumberOfDays, Price, HouseId, TouristId) values (46, '2018-06-07', '2019-10-24', null, null, 32, 5);
insert into Rent (Id, StartDate, EndDate, NumberOfDays, Price, HouseId, TouristId) values (47, '2018-07-26', '2019-08-30', null, null, 6, 2);
insert into Rent (Id, StartDate, EndDate, NumberOfDays, Price, HouseId, TouristId) values (48, '2017-12-26', '2019-02-13', null, null, 30, 7);
insert into Rent (Id, StartDate, EndDate, NumberOfDays, Price, HouseId, TouristId) values (49, '2018-04-30', '2019-02-17', null, null, 5, 6);
insert into Rent (Id, StartDate, EndDate, NumberOfDays, Price, HouseId, TouristId) values (50, '2018-11-02', '2019-11-02', null, null, 25, 2);
insert into Rent (Id, StartDate, EndDate, NumberOfDays, Price, HouseId, TouristId) values (51, '2017-12-10', '2019-01-09', null, null, 40,2);
insert into Rent (Id, StartDate, EndDate, NumberOfDays, Price, HouseId, TouristId) values (52, '2018-04-01', '2019-06-19', null, null, 10, 2);
insert into Rent (Id, StartDate, EndDate, NumberOfDays, Price, HouseId, TouristId) values (53, '2018-10-17', '2019-06-19', null, null, 33, 2);
insert into Rent (Id, StartDate, EndDate, NumberOfDays, Price, HouseId, TouristId) values (54, '2018-03-07', '2019-01-19', null, null, 26, 2);
insert into Rent (Id, StartDate, EndDate, NumberOfDays, Price, HouseId, TouristId) values (55, '2018-06-28', '2019-10-02', null, null, 14, 7);
insert into Rent (Id, StartDate, EndDate, NumberOfDays, Price, HouseId, TouristId) values (56, '2017-11-25', '2019-07-02', null, null, 29, 2);
insert into Rent (Id, StartDate, EndDate, NumberOfDays, Price, HouseId, TouristId) values (57, '2017-11-20', '2019-05-03', null, null, 48, 2);
insert into Rent (Id, StartDate, EndDate, NumberOfDays, Price, HouseId, TouristId) values (58, '2017-11-20', '2019-08-06', null, null, 6, 2);
insert into Rent (Id, StartDate, EndDate, NumberOfDays, Price, HouseId, TouristId) values (59, '2018-06-03', '2019-05-16', null, null, 33, 8);
insert into Rent (Id, StartDate, EndDate, NumberOfDays, Price, HouseId, TouristId) values (60, '2018-10-12', '2019-08-14', null, null, 48, 2);
insert into Rent (Id, StartDate, EndDate, NumberOfDays, Price, HouseId, TouristId) values (61, '2017-12-05', '2019-02-15', null, null, 10, 2);
insert into Rent (Id, StartDate, EndDate, NumberOfDays, Price, HouseId, TouristId) values (62, '2018-06-24', '2019-02-12', null, null, 23, 1);
insert into Rent (Id, StartDate, EndDate, NumberOfDays, Price, HouseId, TouristId) values (63, '2018-09-04', '2019-05-24', null, null, 25, 2);
insert into Rent (Id, StartDate, EndDate, NumberOfDays, Price, HouseId, TouristId) values (64, '2017-12-22', '2018-12-10', null, null, 48, 1);
insert into Rent (Id, StartDate, EndDate, NumberOfDays, Price, HouseId, TouristId) values (65, '2017-11-16', '2019-02-26', null, null, 35, 1);
insert into Rent (Id, StartDate, EndDate, NumberOfDays, Price, HouseId, TouristId) values (66, '2018-01-11', '2019-08-10', null, null, 28, 1);
insert into Rent (Id, StartDate, EndDate, NumberOfDays, Price, HouseId, TouristId) values (67, '2017-12-25', '2019-05-10', null, null, 39, 2);
insert into Rent (Id, StartDate, EndDate, NumberOfDays, Price, HouseId, TouristId) values (68, '2017-12-16', '2019-04-02', null, null, 46, 2);
insert into Rent (Id, StartDate, EndDate, NumberOfDays, Price, HouseId, TouristId) values (69, '2018-07-10', '2018-12-16', null, null, 35, 2);
insert into Rent (Id, StartDate, EndDate, NumberOfDays, Price, HouseId, TouristId) values (70, '2017-12-12', '2019-04-16', null, null, 9, 2);
insert into Rent (Id, StartDate, EndDate, NumberOfDays, Price, HouseId, TouristId) values (71, '2018-05-01', '2019-08-05', null, null, 17, 2);
insert into Rent (Id, StartDate, EndDate, NumberOfDays, Price, HouseId, TouristId) values (72, '2018-08-08', '2019-01-08', null, null, 19, 4);
insert into Rent (Id, StartDate, EndDate, NumberOfDays, Price, HouseId, TouristId) values (73, '2017-12-24', '2019-07-29', null, null, 38, 2);
insert into Rent (Id, StartDate, EndDate, NumberOfDays, Price, HouseId, TouristId) values (74, '2018-07-23', '2019-02-07', null, null, 12,2);
insert into Rent (Id, StartDate, EndDate, NumberOfDays, Price, HouseId, TouristId) values (75, '2018-09-11', '2019-06-08', null, null, 28, 4);
insert into Rent (Id, StartDate, EndDate, NumberOfDays, Price, HouseId, TouristId) values (76, '2018-08-24', '2019-10-20', null, null, 20, 4);
insert into Rent (Id, StartDate, EndDate, NumberOfDays, Price, HouseId, TouristId) values (77, '2018-07-17', '2019-04-08', null, null, 18, 2);
insert into Rent (Id, StartDate, EndDate, NumberOfDays, Price, HouseId, TouristId) values (78, '2018-03-29', '2019-02-26', null, null, 9, 2);
insert into Rent (Id, StartDate, EndDate, NumberOfDays, Price, HouseId, TouristId) values (79, '2018-03-15', '2018-12-31', null, null, 1,2);
insert into Rent (Id, StartDate, EndDate, NumberOfDays, Price, HouseId, TouristId) values (80, '2018-10-01', '2019-07-04', null, null, 19, 4);
insert into Rent (Id, StartDate, EndDate, NumberOfDays, Price, HouseId, TouristId) values (81, '2018-06-19', '2019-10-05', null, null, 19, 4);
insert into Rent (Id, StartDate, EndDate, NumberOfDays, Price, HouseId, TouristId) values (82, '2018-07-15', '2019-10-22', null, null, 46, 8);
insert into Rent (Id, StartDate, EndDate, NumberOfDays, Price, HouseId, TouristId) values (83, '2018-11-04', '2019-07-14', null, null, 34, 2);
insert into Rent (Id, StartDate, EndDate, NumberOfDays, Price, HouseId, TouristId) values (84, '2018-07-10', '2019-08-22', null, null, 42, 2);
insert into Rent (Id, StartDate, EndDate, NumberOfDays, Price, HouseId, TouristId) values (85, '2018-07-13', '2019-01-12', null, null, 37,2);
insert into Rent (Id, StartDate, EndDate, NumberOfDays, Price, HouseId, TouristId) values (86, '2018-09-07', '2019-08-19', null, null, 16, 2);
insert into Rent (Id, StartDate, EndDate, NumberOfDays, Price, HouseId, TouristId) values (87, '2018-10-13', '2019-09-30', null, null, 6, 8);
insert into Rent (Id, StartDate, EndDate, NumberOfDays, Price, HouseId, TouristId) values (88, '2018-07-22', '2018-11-14', null, null, 11, 2);
insert into Rent (Id, StartDate, EndDate, NumberOfDays, Price, HouseId, TouristId) values (89, '2018-11-04', '2019-04-09', null, null, 19, 9);
insert into Rent (Id, StartDate, EndDate, NumberOfDays, Price, HouseId, TouristId) values (90, '2018-08-06', '2019-02-27', null, null, 3, 2);
insert into Rent (Id, StartDate, EndDate, NumberOfDays, Price, HouseId, TouristId) values (91, '2018-02-10', '2018-11-07', null, null, 44, 2);
insert into Rent (Id, StartDate, EndDate, NumberOfDays, Price, HouseId, TouristId) values (92, '2018-10-21', '2019-03-26', null, null, 45, 2);
insert into Rent (Id, StartDate, EndDate, NumberOfDays, Price, HouseId, TouristId) values (93, '2018-08-17', '2019-06-06', null, null, 13, 10);
insert into Rent (Id, StartDate, EndDate, NumberOfDays, Price, HouseId, TouristId) values (94, '2018-06-29', '2018-12-07', null, null, 48, 2);
insert into Rent (Id, StartDate, EndDate, NumberOfDays, Price, HouseId, TouristId) values (95, '2018-02-22', '2019-02-03', null, null, 24, 2);
insert into Rent (Id, StartDate, EndDate, NumberOfDays, Price, HouseId, TouristId) values (96, '2018-06-30', '2019-01-15', null, null, 18, 2);
insert into Rent (Id, StartDate, EndDate, NumberOfDays, Price, HouseId, TouristId) values (97, '2018-08-14', '2019-05-13', null, null, 34, 2);
insert into Rent (Id, StartDate, EndDate, NumberOfDays, Price, HouseId, TouristId) values (98, '2018-01-01', '2019-08-06', null, null, 49, 2);
insert into Rent (Id, StartDate, EndDate, NumberOfDays, Price, HouseId, TouristId) values (99, '2017-12-18', '2019-08-15', null, null, 15, 2);
insert into Rent (Id, StartDate, EndDate, NumberOfDays, Price, HouseId, TouristId) values (100, '2017-12-18', '2018-12-20', null, null, 6, 2);
insert into Rent (Id, StartDate, EndDate, NumberOfDays, Price, HouseId, TouristId) values (101, '2018-08-20', '2019-04-19', null, null, 41, 10);
insert into Rent (Id, StartDate, EndDate, NumberOfDays, Price, HouseId, TouristId) values (102, '2018-01-11', '2019-08-03', null, null, 10, 2);
insert into Rent (Id, StartDate, EndDate, NumberOfDays, Price, HouseId, TouristId) values (103, '2018-08-16', '2019-06-13', null, null, 25, 10);
insert into Rent (Id, StartDate, EndDate, NumberOfDays, Price, HouseId, TouristId) values (104, '2018-04-16', '2019-08-26', null, null, 28, 2);
insert into Rent (Id, StartDate, EndDate, NumberOfDays, Price, HouseId, TouristId) values (105, '2018-05-03', '2019-03-23', null, null, 13, 2);
insert into Rent (Id, StartDate, EndDate, NumberOfDays, Price, HouseId, TouristId) values (106, '2018-03-09', '2019-06-05', null, null, 11, 10);
insert into Rent (Id, StartDate, EndDate, NumberOfDays, Price, HouseId, TouristId) values (107, '2018-04-15', '2019-08-26', null, null, 42, 2);
insert into Rent (Id, StartDate, EndDate, NumberOfDays, Price, HouseId, TouristId) values (108, '2018-02-21', '2019-03-20', null, null, 18, 2);
insert into Rent (Id, StartDate, EndDate, NumberOfDays, Price, HouseId, TouristId) values (109, '2017-12-11', '2019-04-01', null, null, 6,2);
insert into Rent (Id, StartDate, EndDate, NumberOfDays, Price, HouseId, TouristId) values (110, '2018-01-02', '2019-06-04', null, null, 1, 2);
insert into Rent (Id, StartDate, EndDate, NumberOfDays, Price, HouseId, TouristId) values (111, '2018-01-05', '2019-08-27', null, null, 42, 2);
insert into Rent (Id, StartDate, EndDate, NumberOfDays, Price, HouseId, TouristId) values (112, '2018-06-20', '2019-01-05', null, null, 25, 2);
insert into Rent (Id, StartDate, EndDate, NumberOfDays, Price, HouseId, TouristId) values (113, '2017-12-14', '2019-02-09', null, null, 43,2);
insert into Rent (Id, StartDate, EndDate, NumberOfDays, Price, HouseId, TouristId) values (114, '2018-09-02', '2019-01-05', null, null, 41, 10);
insert into Rent (Id, StartDate, EndDate, NumberOfDays, Price, HouseId, TouristId) values (115, '2018-09-30', '2018-11-22', null, null, 10, 2);
insert into Rent (Id, StartDate, EndDate, NumberOfDays, Price, HouseId, TouristId) values (116, '2018-07-11', '2018-11-24', null, null, 50, 10);
insert into Rent (Id, StartDate, EndDate, NumberOfDays, Price, HouseId, TouristId) values (117, '2018-05-16', '2019-09-14', null, null, 12, 2);
insert into Rent (Id, StartDate, EndDate, NumberOfDays, Price, HouseId, TouristId) values (118, '2018-05-22', '2019-03-05', null, null, 26, 2);
insert into Rent (Id, StartDate, EndDate, NumberOfDays, Price, HouseId, TouristId) values (119, '2017-11-22', '2019-03-05', null, null, 24, 2);
insert into Rent (Id, StartDate, EndDate, NumberOfDays, Price, HouseId, TouristId) values (120, '2018-02-24', '2019-04-18', null, null, 4, 3);
insert into Rent (Id, StartDate, EndDate, NumberOfDays, Price, HouseId, TouristId) values (121, '2018-10-09', '2019-04-14', null, null, 15, 4);
insert into Rent (Id, StartDate, EndDate, NumberOfDays, Price, HouseId, TouristId) values (122, '2018-02-20', '2019-01-08', null, null, 48, 2);
insert into Rent (Id, StartDate, EndDate, NumberOfDays, Price, HouseId, TouristId) values (123, '2018-11-01', '2019-06-10', null, null, 12, 2);
insert into Rent (Id, StartDate, EndDate, NumberOfDays, Price, HouseId, TouristId) values (124, '2018-09-05', '2019-08-19', null, null, 27, 2);
insert into Rent (Id, StartDate, EndDate, NumberOfDays, Price, HouseId, TouristId) values (125, '2018-01-31', '2019-04-13', null, null, 10, 2);
insert into Rent (Id, StartDate, EndDate, NumberOfDays, Price, HouseId, TouristId) values (126, '2018-01-12', '2019-09-21', null, null, 45, 2);
insert into Rent (Id, StartDate, EndDate, NumberOfDays, Price, HouseId, TouristId) values (127, '2018-03-02', '2018-12-28', null, null, 22, 2);
insert into Rent (Id, StartDate, EndDate, NumberOfDays, Price, HouseId, TouristId) values (128, '2018-03-20', '2019-10-27', null, null, 28, 5);
insert into Rent (Id, StartDate, EndDate, NumberOfDays, Price, HouseId, TouristId) values (129, '2017-11-10', '2019-10-03', null, null, 26, 2);
insert into Rent (Id, StartDate, EndDate, NumberOfDays, Price, HouseId, TouristId) values (130, '2018-06-22', '2019-06-08', null, null, 26, 2);
insert into Rent (Id, StartDate, EndDate, NumberOfDays, Price, HouseId, TouristId) values (131, '2018-04-21', '2019-10-16', null, null, 50, 2);
insert into Rent (Id, StartDate, EndDate, NumberOfDays, Price, HouseId, TouristId) values (132, '2018-09-20', '2019-05-12', null, null, 41, 2);
insert into Rent (Id, StartDate, EndDate, NumberOfDays, Price, HouseId, TouristId) values (133, '2018-08-17', '2019-10-03', null, null, 25, 6);
insert into Rent (Id, StartDate, EndDate, NumberOfDays, Price, HouseId, TouristId) values (134, '2018-10-03', '2019-01-17', null, null, 38, 2);
insert into Rent (Id, StartDate, EndDate, NumberOfDays, Price, HouseId, TouristId) values (135, '2018-01-26', '2019-04-12', null, null, 15, 2);
insert into Rent (Id, StartDate, EndDate, NumberOfDays, Price, HouseId, TouristId) values (136, '2018-03-07', '2019-05-06', null, null, 44, 2);
insert into Rent (Id, StartDate, EndDate, NumberOfDays, Price, HouseId, TouristId) values (137, '2018-09-12', '2019-03-11', null, null, 2, 2);
insert into Rent (Id, StartDate, EndDate, NumberOfDays, Price, HouseId, TouristId) values (138, '2018-10-15', '2019-05-11', null, null, 6, 2);
insert into Rent (Id, StartDate, EndDate, NumberOfDays, Price, HouseId, TouristId) values (139, '2018-05-13', '2019-09-05', null, null, 5, 2);
insert into Rent (Id, StartDate, EndDate, NumberOfDays, Price, HouseId, TouristId) values (140, '2018-03-21', '2018-12-29', null, null, 8, 2);
insert into Rent (Id, StartDate, EndDate, NumberOfDays, Price, HouseId, TouristId) values (141, '2018-11-04', '2019-08-02', null, null, 45, 7);
insert into Rent (Id, StartDate, EndDate, NumberOfDays, Price, HouseId, TouristId) values (142, '2018-05-12', '2019-01-06', null, null, 16, 2);
insert into Rent (Id, StartDate, EndDate, NumberOfDays, Price, HouseId, TouristId) values (143, '2018-07-23', '2019-05-29', null, null, 27, 8);
insert into Rent (Id, StartDate, EndDate, NumberOfDays, Price, HouseId, TouristId) values (144, '2018-05-12', '2019-04-02', null, null, 28, 2);
insert into Rent (Id, StartDate, EndDate, NumberOfDays, Price, HouseId, TouristId) values (145, '2018-03-15', '2019-08-12', null, null, 47, 2);
insert into Rent (Id, StartDate, EndDate, NumberOfDays, Price, HouseId, TouristId) values (146, '2018-11-05', '2019-09-14', null, null, 21, 9);
insert into Rent (Id, StartDate, EndDate, NumberOfDays, Price, HouseId, TouristId) values (147, '2017-12-26', '2018-12-04', null, null, 16, 2);
insert into Rent (Id, StartDate, EndDate, NumberOfDays, Price, HouseId, TouristId) values (148, '2017-12-01', '2019-09-17', null, null, 21, 2);
insert into Rent (Id, StartDate, EndDate, NumberOfDays, Price, HouseId, TouristId) values (149, '2018-01-04', '2019-08-12', null, null, 40, 2);
insert into Rent (Id, StartDate, EndDate, NumberOfDays, Price, HouseId, TouristId) values (150, '2018-06-19', '2019-01-25', null, null, 5, 2);

insert into Review (Id, Rating, RentId) values (1, 3.6, 1);
insert into Review (Id, Rating, RentId) values (2, 1.3, 2);
insert into Review (Id, Rating, RentId) values (3, 4.9, 3);
insert into Review (Id, Rating, RentId) values (4, 3.3, 4);
insert into Review (Id, Rating, RentId) values (5, 1.7, 5);
insert into Review (Id, Rating, RentId) values (6, 1.0, 6);
insert into Review (Id, Rating, RentId) values (7, 1.2, 7);
insert into Review (Id, Rating, RentId) values (8, 4.4, 8);
insert into Review (Id, Rating, RentId) values (9, 3.6, 9);
insert into Review (Id, Rating, RentId) values (10, 4.2, 10);
insert into Review (Id, Rating, RentId) values (11, 1.9, 11);
insert into Review (Id, Rating, RentId) values (12, 4.0, 12);
insert into Review (Id, Rating, RentId) values (13, 1.9, 13);
insert into Review (Id, Rating, RentId) values (14, 2.5, 14);
insert into Review (Id, Rating, RentId) values (15, 1.1, 15);
insert into Review (Id, Rating, RentId) values (16, 3.8, 16);
insert into Review (Id, Rating, RentId) values (17, 1.7, 17);
insert into Review (Id, Rating, RentId) values (18, 4.1, 18);
insert into Review (Id, Rating, RentId) values (19, 3.4, 19);
insert into Review (Id, Rating, RentId) values (20, 1.2, 20);
insert into Review (Id, Rating, RentId) values (21, 3.0, 21);
insert into Review (Id, Rating, RentId) values (22, 2.5, 22);
insert into Review (Id, Rating, RentId) values (23, 3.7, 23);
insert into Review (Id, Rating, RentId) values (24, 2.8, 24);
insert into Review (Id, Rating, RentId) values (25, 3.4, 25);
insert into Review (Id, Rating, RentId) values (26, 3.6, 26);
insert into Review (Id, Rating, RentId) values (27, 5.0, 27);
insert into Review (Id, Rating, RentId) values (28, 3.4, 28);
insert into Review (Id, Rating, RentId) values (29, 1.9, 29);
insert into Review (Id, Rating, RentId) values (30, 2.6, 30);
insert into Review (Id, Rating, RentId) values (31, 3.2, 31);
insert into Review (Id, Rating, RentId) values (32, 3.2, 32);
insert into Review (Id, Rating, RentId) values (33, 2.0, 33);
insert into Review (Id, Rating, RentId) values (34, 3.6, 34);
insert into Review (Id, Rating, RentId) values (35, 3.7, 35);
insert into Review (Id, Rating, RentId) values (36, 4.3, 36);
insert into Review (Id, Rating, RentId) values (37, 2.4, 37);
insert into Review (Id, Rating, RentId) values (38, 3.5, 38);
insert into Review (Id, Rating, RentId) values (39, 1.8, 39);
insert into Review (Id, Rating, RentId) values (40, 4.9, 40);
insert into Review (Id, Rating, RentId) values (41, 3.7, 41);
insert into Review (Id, Rating, RentId) values (42, 4.6, 42);
insert into Review (Id, Rating, RentId) values (43, 1.0, 43);
insert into Review (Id, Rating, RentId) values (44, 1.3, 44);
insert into Review (Id, Rating, RentId) values (45, 3.6, 45);
insert into Review (Id, Rating, RentId) values (46, 4.1, 46);
insert into Review (Id, Rating, RentId) values (47, 3.9, 47);
insert into Review (Id, Rating, RentId) values (48, 2.9, 48);
insert into Review (Id, Rating, RentId) values (49, 4.8, 49);
insert into Review (Id, Rating, RentId) values (50, 2.8, 50);
insert into Review (Id, Rating, RentId) values (51, 2.1, 51);
insert into Review (Id, Rating, RentId) values (52, 4.5, 52);
insert into Review (Id, Rating, RentId) values (53, 2.0, 53);
insert into Review (Id, Rating, RentId) values (54, 1.2, 54);
insert into Review (Id, Rating, RentId) values (55, 4.8, 55);
insert into Review (Id, Rating, RentId) values (56, 1.4, 56);
insert into Review (Id, Rating, RentId) values (57, 4.2, 57);
insert into Review (Id, Rating, RentId) values (58, 4.9, 58);
insert into Review (Id, Rating, RentId) values (59, 2.2, 59);
insert into Review (Id, Rating, RentId) values (60, 1.4, 60);
insert into Review (Id, Rating, RentId) values (61, 2.7, 61);
insert into Review (Id, Rating, RentId) values (62, 3.6, 62);
insert into Review (Id, Rating, RentId) values (63, 1.9, 63);
insert into Review (Id, Rating, RentId) values (64, 3.3, 64);
insert into Review (Id, Rating, RentId) values (65, 2.2, 65);
insert into Review (Id, Rating, RentId) values (66, 1.6, 66);
insert into Review (Id, Rating, RentId) values (67, 3.9, 67);
insert into Review (Id, Rating, RentId) values (68, 2.4, 68);
insert into Review (Id, Rating, RentId) values (69, 4.9, 69);
insert into Review (Id, Rating, RentId) values (70, 4.7, 70);
insert into Review (Id, Rating, RentId) values (71, 4.0, 71);
insert into Review (Id, Rating, RentId) values (72, 2.3, 72);
insert into Review (Id, Rating, RentId) values (73, 3.4, 73);
insert into Review (Id, Rating, RentId) values (74, 4.3, 74);
insert into Review (Id, Rating, RentId) values (75, 3.0, 75);
insert into Review (Id, Rating, RentId) values (76, 4.8, 76);
insert into Review (Id, Rating, RentId) values (77, 3.9, 77);
insert into Review (Id, Rating, RentId) values (78, 5.0, 78);
insert into Review (Id, Rating, RentId) values (79, 4.7, 79);
insert into Review (Id, Rating, RentId) values (80, 3.2, 80);
insert into Review (Id, Rating, RentId) values (81, 1.0, 81);
insert into Review (Id, Rating, RentId) values (82, 1.9, 82);
insert into Review (Id, Rating, RentId) values (83, 1.0, 83);
insert into Review (Id, Rating, RentId) values (84, 1.8, 84);
insert into Review (Id, Rating, RentId) values (85, 4.1, 85);
insert into Review (Id, Rating, RentId) values (86, 1.6, 86);
insert into Review (Id, Rating, RentId) values (87, 4.6, 87);
insert into Review (Id, Rating, RentId) values (88, 2.7, 88);
insert into Review (Id, Rating, RentId) values (89, 3.5, 89);
insert into Review (Id, Rating, RentId) values (90, 3.1, 90);
insert into Review (Id, Rating, RentId) values (91, 1.0, 91);
insert into Review (Id, Rating, RentId) values (92, 1.7, 92);
insert into Review (Id, Rating, RentId) values (93, 2.9, 93);
insert into Review (Id, Rating, RentId) values (94, 4.6, 94);
insert into Review (Id, Rating, RentId) values (95, 4.9, 95);
insert into Review (Id, Rating, RentId) values (96, 3.2, 96);
insert into Review (Id, Rating, RentId) values (97, 4.0, 97);
insert into Review (Id, Rating, RentId) values (98, 1.5, 98);
insert into Review (Id, Rating, RentId) values (99, 2.0, 99);
insert into Review (Id, Rating, RentId) values (100, 4.2, 100);
insert into Review (Id, Rating, RentId) values (101, 2.6, 101);
insert into Review (Id, Rating, RentId) values (102, 4.7, 102);
insert into Review (Id, Rating, RentId) values (103, 1.3, 103);
insert into Review (Id, Rating, RentId) values (104, 4.2, 104);
insert into Review (Id, Rating, RentId) values (105, 2.5, 105);
insert into Review (Id, Rating, RentId) values (106, 1.2, 106);
insert into Review (Id, Rating, RentId) values (107, 3.8, 107);
insert into Review (Id, Rating, RentId) values (108, 3.6, 108);
insert into Review (Id, Rating, RentId) values (109, 1.9, 109);
insert into Review (Id, Rating, RentId) values (110, 3.9, 110);
insert into Review (Id, Rating, RentId) values (111, 2.8, 111);
insert into Review (Id, Rating, RentId) values (112, 3.3, 112);
insert into Review (Id, Rating, RentId) values (113, 1.1, 113);
insert into Review (Id, Rating, RentId) values (114, 1.5, 114);
insert into Review (Id, Rating, RentId) values (115, 4.0, 115);
insert into Review (Id, Rating, RentId) values (116, 4.7, 116);
insert into Review (Id, Rating, RentId) values (117, 3.2, 117);
insert into Review (Id, Rating, RentId) values (118, 3.4, 118);
insert into Review (Id, Rating, RentId) values (119, 1.2, 119);
insert into Review (Id, Rating, RentId) values (120, 4.1, 120);
insert into Review (Id, Rating, RentId) values (121, 3.9, 121);
insert into Review (Id, Rating, RentId) values (122, 1.6, 122);
insert into Review (Id, Rating, RentId) values (123, 2.7, 123);
insert into Review (Id, Rating, RentId) values (124, 4.0, 124);
insert into Review (Id, Rating, RentId) values (125, 3.2, 125);
insert into Review (Id, Rating, RentId) values (126, 3.3, 126);
insert into Review (Id, Rating, RentId) values (127, 4.8, 127);
insert into Review (Id, Rating, RentId) values (128, 3.0, 128);
insert into Review (Id, Rating, RentId) values (129, 2.2, 129);
insert into Review (Id, Rating, RentId) values (130, 1.7, 130);
insert into Review (Id, Rating, RentId) values (131, 1.4, 131);
insert into Review (Id, Rating, RentId) values (132, 1.1, 132);
insert into Review (Id, Rating, RentId) values (133, 3.0, 133);
insert into Review (Id, Rating, RentId) values (134, 4.5, 134);
insert into Review (Id, Rating, RentId) values (135, 3.6, 135);
insert into Review (Id, Rating, RentId) values (136, 4.4, 136);
insert into Review (Id, Rating, RentId) values (137, 4.9, 137);
insert into Review (Id, Rating, RentId) values (138, 1.4, 138);
insert into Review (Id, Rating, RentId) values (139, 3.0, 139);
insert into Review (Id, Rating, RentId) values (140, 2.4, 140);
insert into Review (Id, Rating, RentId) values (141, 1.8, 141);
insert into Review (Id, Rating, RentId) values (142, 3.2, 142);
insert into Review (Id, Rating, RentId) values (143, 2.2, 143);
insert into Review (Id, Rating, RentId) values (144, 2.9, 144);
insert into Review (Id, Rating, RentId) values (145, 1.4, 145);
insert into Review (Id, Rating, RentId) values (146, 3.8, 146);
insert into Review (Id, Rating, RentId) values (147, 2.1, 147);
insert into Review (Id, Rating, RentId) values (148, 4.4, 148);
insert into Review (Id, Rating, RentId) values (149, 3.2, 149);
insert into Review (Id, Rating, RentId) values (150, 3.3, 150);



insert into Comment (Id, Text, Date, ReviewId) values (1, 'Cras non velit nec nisi vulputate nonummy. Maecenas tincidunt lacus at velit. Vivamus vel nulla eget eros elementum pellentesque.', '11/4/2020', 1);
insert into Comment (Id, Text, Date, ReviewId) values (2, 'Integer ac leo. Pellentesque ultrices mattis odio. Donec vitae nisi.', '5/11/2020', 2);
insert into Comment (Id, Text, Date, ReviewId) values (3, 'Maecenas leo odio, condimentum id, luctus nec, molestie sed, justo. Pellentesque viverra pede ac diam. Cras pellentesque volutpat dui.', '11/4/2020', 3);
insert into Comment (Id, Text, Date, ReviewId) values (4, 'Proin leo odio, porttitor id, consequat in, consequat ut, nulla. Sed accumsan felis. Ut at dolor quis odio consequat varius.', '10/24/2020', 4);
insert into Comment (Id, Text, Date, ReviewId) values (5, 'Vestibulum ac est lacinia nisi venenatis tristique. Fusce congue, diam id ornare imperdiet, sapien urna pretium nisl, ut volutpat sapien arcu sed augue. Aliquam erat volutpat.', '1/21/2020', 5);
insert into Comment (Id, Text, Date, ReviewId) values (6, 'Quisque porta volutpat erat. Quisque erat eros, viverra eget, congue eget, semper rutrum, nulla. Nunc purus.', '12/19/2019', 6);
insert into Comment (Id, Text, Date, ReviewId) values (7, 'Sed sagittis. Nam congue, risus semper porta volutpat, quam pede lobortis ligula, sit amet eleifend pede libero quis orci. Nullam molestie nibh in lectus.', '4/22/2020', 7);
insert into Comment (Id, Text, Date, ReviewId) values (8, 'Aenean lectus. Pellentesque eget nunc. Donec quis orci eget orci vehicula condimentum.', '4/23/2020', 8);
insert into Comment (Id, Text, Date, ReviewId) values (9, 'Duis aliquam convallis nunc. Proin at turpis a pede posuere nonummy. Integer non velit.', '12/29/2019', 9);
insert into Comment (Id, Text, Date, ReviewId) values (10, 'Sed ante. Vivamus tortor. Duis mattis egestas metus.', '3/24/2020', 10);
insert into Comment (Id, Text, Date, ReviewId) values (11, 'Cras non velit nec nisi vulputate nonummy. Maecenas tincidunt lacus at velit. Vivamus vel nulla eget eros elementum pellentesque.', '12/10/2019', 11);
insert into Comment (Id, Text, Date, ReviewId) values (12, 'Duis aliquam convallis nunc. Proin at turpis a pede posuere nonummy. Integer non velit.', '2/4/2020', 12);
insert into Comment (Id, Text, Date, ReviewId) values (13, 'In hac habitasse platea dictumst. Etiam faucibus cursus urna. Ut tellus.', '1/29/2020', 13);
insert into Comment (Id, Text, Date, ReviewId) values (14, 'Duis bibendum. Morbi non quam nec dui luctus rutrum. Nulla tellus.', '8/8/2020', 14);
insert into Comment (Id, Text, Date, ReviewId) values (15, 'Cras non velit nec nisi vulputate nonummy. Maecenas tincidunt lacus at velit. Vivamus vel nulla eget eros elementum pellentesque.', '2/11/2020', 15);
insert into Comment (Id, Text, Date, ReviewId) values (16, 'Phasellus sit amet erat. Nulla tempus. Vivamus in felis eu sapien cursus vestibulum.', '7/31/2020', 16);
insert into Comment (Id, Text, Date, ReviewId) values (17, 'Praesent blandit. Nam nulla. Integer pede justo, lacinia eget, tincidunt eget, tempus vel, pede.', '8/20/2020', 17);
insert into Comment (Id, Text, Date, ReviewId) values (18, 'Suspendisse potenti. In eleifend quam a odio. In hac habitasse platea dictumst.', '2/1/2020', 18);
insert into Comment (Id, Text, Date, ReviewId) values (19, 'In hac habitasse platea dictumst. Morbi vestibulum, velit id pretium iaculis, diam erat fermentum justo, nec condimentum neque sapien placerat ante. Nulla justo.', '4/23/2020', 19);
insert into Comment (Id, Text, Date, ReviewId) values (20, 'Aenean fermentum. Donec ut mauris eget massa tempor convallis. Nulla neque libero, convallis eget, eleifend luctus, ultricies eu, nibh.', '9/4/2020', 20);
insert into Comment (Id, Text, Date, ReviewId) values (21, 'Morbi porttitor lorem id ligula. Suspendisse ornare consequat lectus. In est risus, auctor sed, tristique in, tempus sit amet, sem.', '8/10/2020', 21);
insert into Comment (Id, Text, Date, ReviewId) values (22, 'Etiam vel augue. Vestibulum rutrum rutrum neque. Aenean auctor gravida sem.', '5/10/2020', 22);
insert into Comment (Id, Text, Date, ReviewId) values (23, 'Duis bibendum. Morbi non quam nec dui luctus rutrum. Nulla tellus.', '3/6/2020', 23);
insert into Comment (Id, Text, Date, ReviewId) values (24, 'Proin leo odio, porttitor id, consequat in, consequat ut, nulla. Sed accumsan felis. Ut at dolor quis odio consequat varius.', '11/28/2019', 24);
insert into Comment (Id, Text, Date, ReviewId) values (25, 'Integer ac leo. Pellentesque ultrices mattis odio. Donec vitae nisi.', '11/27/2019', 25);
insert into Comment (Id, Text, Date, ReviewId) values (26, 'In sagittis dui vel nisl. Duis ac nibh. Fusce lacus purus, aliquet at, feugiat non, pretium quis, lectus.', '1/18/2020', 26);
insert into Comment (Id, Text, Date, ReviewId) values (27, 'Nullam sit amet turpis elementum ligula vehicula consequat. Morbi a ipsum. Integer a nibh.', '3/4/2020', 27);
insert into Comment (Id, Text, Date, ReviewId) values (28, 'Proin eu mi. Nulla ac enim. In tempor, turpis nec euismod scelerisque, quam turpis adipiscing lorem, vitae mattis nibh ligula nec sem.', '11/16/2019', 28);
insert into Comment (Id, Text, Date, ReviewId) values (29, 'Pellentesque at nulla. Suspendisse potenti. Cras in purus eu magna vulputate luctus.', '3/11/2020', 29);
insert into Comment (Id, Text, Date, ReviewId) values (30, 'Lorem ipsum dolor sit amet, consectetuer adipiscing elit. Proin risus. Praesent lectus.', '6/12/2020', 30);
insert into Comment (Id, Text, Date, ReviewId) values (31, 'In hac habitasse platea dictumst. Morbi vestibulum, velit id pretium iaculis, diam erat fermentum justo, nec condimentum neque sapien placerat ante. Nulla justo.', '9/12/2020', 31);
insert into Comment (Id, Text, Date, ReviewId) values (32, 'Quisque id justo sit amet sapien dignissim vestibulum. Vestibulum ante ipsum primis in faucibus orci luctus et ultrices posuere cubilia Curae; Nulla dapibus dolor vel est. Donec odio justo, sollicitudin ut, suscipit a, feugiat et, eros.', '7/2/2020', 32);
insert into Comment (Id, Text, Date, ReviewId) values (33, 'Cum sociis natoque penatibus et magnis dis parturient montes, nascetur ridiculus mus. Vivamus vestibulum sagittis sapien. Cum sociis natoque penatibus et magnis dis parturient montes, nascetur ridiculus mus.', '12/10/2019', 33);
insert into Comment (Id, Text, Date, ReviewId) values (34, 'Pellentesque at nulla. Suspendisse potenti. Cras in purus eu magna vulputate luctus.', '7/9/2020', 34);
insert into Comment (Id, Text, Date, ReviewId) values (35, 'Nulla ut erat id mauris vulputate elementum. Nullam varius. Nulla facilisi.', '12/21/2019', 35);
insert into Comment (Id, Text, Date, ReviewId) values (36, 'Maecenas ut massa quis augue luctus tincidunt. Nulla mollis molestie lorem. Quisque ut erat.', '12/14/2019', 36);
insert into Comment (Id, Text, Date, ReviewId) values (37, 'Aenean fermentum. Donec ut mauris eget massa tempor convallis. Nulla neque libero, convallis eget, eleifend luctus, ultricies eu, nibh.', '12/18/2019', 37);
insert into Comment (Id, Text, Date, ReviewId) values (38, 'Nullam sit amet turpis elementum ligula vehicula consequat. Morbi a ipsum. Integer a nibh.', '12/29/2019', 38);
insert into Comment (Id, Text, Date, ReviewId) values (39, 'Morbi non lectus. Aliquam sit amet diam in magna bibendum imperdiet. Nullam orci pede, venenatis non, sodales sed, tincidunt eu, felis.', '5/13/2020', 39);
insert into Comment (Id, Text, Date, ReviewId) values (40, 'Sed ante. Vivamus tortor. Duis mattis egestas metus.', '2/22/2020', 40);
insert into Comment (Id, Text, Date, ReviewId) values (41, 'In hac habitasse platea dictumst. Etiam faucibus cursus urna. Ut tellus.', '5/5/2020', 41);
insert into Comment (Id, Text, Date, ReviewId) values (42, 'Maecenas ut massa quis augue luctus tincidunt. Nulla mollis molestie lorem. Quisque ut erat.', '6/3/2020', 42);
insert into Comment (Id, Text, Date, ReviewId) values (43, 'Integer tincidunt ante vel ipsum. Praesent blandit lacinia erat. Vestibulum sed magna at nunc commodo placerat.', '8/3/2020', 43);
insert into Comment (Id, Text, Date, ReviewId) values (44, 'Praesent id massa id nisl venenatis lacinia. Aenean sit amet justo. Morbi ut odio.', '12/10/2019', 44);
insert into Comment (Id, Text, Date, ReviewId) values (45, 'In hac habitasse platea dictumst. Etiam faucibus cursus urna. Ut tellus.', '2/7/2020', 45);
insert into Comment (Id, Text, Date, ReviewId) values (46, 'Maecenas ut massa quis augue luctus tincidunt. Nulla mollis molestie lorem. Quisque ut erat.', '10/29/2020', 46);
insert into Comment (Id, Text, Date, ReviewId) values (47, 'Fusce posuere felis sed lacus. Morbi sem mauris, laoreet ut, rhoncus aliquet, pulvinar sed, nisl. Nunc rhoncus dui vel sem.', '9/22/2020', 47);
insert into Comment (Id, Text, Date, ReviewId) values (48, 'Cum sociis natoque penatibus et magnis dis parturient montes, nascetur ridiculus mus. Vivamus vestibulum sagittis sapien. Cum sociis natoque penatibus et magnis dis parturient montes, nascetur ridiculus mus.', '10/13/2020', 48);
insert into Comment (Id, Text, Date, ReviewId) values (49, 'In hac habitasse platea dictumst. Morbi vestibulum, velit id pretium iaculis, diam erat fermentum justo, nec condimentum neque sapien placerat ante. Nulla justo.', '1/6/2020', 49);
insert into Comment (Id, Text, Date, ReviewId) values (50, 'Curabitur gravida nisi at nibh. In hac habitasse platea dictumst. Aliquam augue quam, sollicitudin vitae, consectetuer eget, rutrum at, lorem.', '7/15/2020', 50);
insert into Comment (Id, Text, Date, ReviewId) values (51, 'Duis aliquam convallis nunc. Proin at turpis a pede posuere nonummy. Integer non velit.', '3/19/2020', 51);
insert into Comment (Id, Text, Date, ReviewId) values (52, 'Lorem ipsum dolor sit amet, consectetuer adipiscing elit. Proin risus. Praesent lectus.', '4/7/2020', 52);
insert into Comment (Id, Text, Date, ReviewId) values (53, 'In hac habitasse platea dictumst. Morbi vestibulum, velit id pretium iaculis, diam erat fermentum justo, nec condimentum neque sapien placerat ante. Nulla justo.', '2/15/2020', 53);
insert into Comment (Id, Text, Date, ReviewId) values (54, 'Proin interdum mauris non ligula pellentesque ultrices. Phasellus id sapien in sapien iaculis congue. Vivamus metus arcu, adipiscing molestie, hendrerit at, vulputate vitae, nisl.', '8/28/2020', 54);
insert into Comment (Id, Text, Date, ReviewId) values (55, 'Curabitur at ipsum ac tellus semper interdum. Mauris ullamcorper purus sit amet nulla. Quisque arcu libero, rutrum ac, lobortis vel, dapibus at, diam.', '6/12/2020', 55);
insert into Comment (Id, Text, Date, ReviewId) values (56, 'Praesent blandit. Nam nulla. Integer pede justo, lacinia eget, tincidunt eget, tempus vel, pede.', '10/19/2020', 56);
insert into Comment (Id, Text, Date, ReviewId) values (57, 'Praesent blandit. Nam nulla. Integer pede justo, lacinia eget, tincidunt eget, tempus vel, pede.', '6/12/2020', 57);
insert into Comment (Id, Text, Date, ReviewId) values (58, 'Pellentesque at nulla. Suspendisse potenti. Cras in purus eu magna vulputate luctus.', '8/6/2020', 58);
insert into Comment (Id, Text, Date, ReviewId) values (59, 'Fusce consequat. Nulla nisl. Nunc nisl.', '1/1/2020', 59);
insert into Comment (Id, Text, Date, ReviewId) values (60, 'Sed ante. Vivamus tortor. Duis mattis egestas metus.', '4/30/2020', 60);
insert into Comment (Id, Text, Date, ReviewId) values (61, 'Fusce posuere felis sed lacus. Morbi sem mauris, laoreet ut, rhoncus aliquet, pulvinar sed, nisl. Nunc rhoncus dui vel sem.', '12/13/2019', 61);
insert into Comment (Id, Text, Date, ReviewId) values (62, 'Vestibulum ac est lacinia nisi venenatis tristique. Fusce congue, diam id ornare imperdiet, sapien urna pretium nisl, ut volutpat sapien arcu sed augue. Aliquam erat volutpat.', '12/3/2019', 62);
insert into Comment (Id, Text, Date, ReviewId) values (63, 'Aenean lectus. Pellentesque eget nunc. Donec quis orci eget orci vehicula condimentum.', '6/11/2020', 63);
insert into Comment (Id, Text, Date, ReviewId) values (64, 'Maecenas tristique, est et tempus semper, est quam pharetra magna, ac consequat metus sapien ut nunc. Vestibulum ante ipsum primis in faucibus orci luctus et ultrices posuere cubilia Curae; Mauris viverra diam vitae quam. Suspendisse potenti.', '1/8/2020', 64);
insert into Comment (Id, Text, Date, ReviewId) values (65, 'Nam ultrices, libero non mattis pulvinar, nulla pede ullamcorper augue, a suscipit nulla elit ac nulla. Sed vel enim sit amet nunc viverra dapibus. Nulla suscipit ligula in lacus.', '8/25/2020', 65);
insert into Comment (Id, Text, Date, ReviewId) values (66, 'Pellentesque at nulla. Suspendisse potenti. Cras in purus eu magna vulputate luctus.', '7/5/2020', 66);
insert into Comment (Id, Text, Date, ReviewId) values (67, 'In hac habitasse platea dictumst. Morbi vestibulum, velit id pretium iaculis, diam erat fermentum justo, nec condimentum neque sapien placerat ante. Nulla justo.', '11/29/2019', 67);
insert into Comment (Id, Text, Date, ReviewId) values (68, 'In quis justo. Maecenas rhoncus aliquam lacus. Morbi quis tortor id nulla ultrices aliquet.', '11/11/2019', 68);
insert into Comment (Id, Text, Date, ReviewId) values (69, 'Sed ante. Vivamus tortor. Duis mattis egestas metus.', '9/9/2020', 69);
insert into Comment (Id, Text, Date, ReviewId) values (70, 'Duis bibendum, felis sed interdum venenatis, turpis enim blandit mi, in porttitor pede justo eu massa. Donec dapibus. Duis at velit eu est congue elementum.', '4/7/2020', 70);
insert into Comment (Id, Text, Date, ReviewId) values (71, 'Quisque porta volutpat erat. Quisque erat eros, viverra eget, congue eget, semper rutrum, nulla. Nunc purus.', '5/4/2020', 71);
insert into Comment (Id, Text, Date, ReviewId) values (72, 'Cum sociis natoque penatibus et magnis dis parturient montes, nascetur ridiculus mus. Vivamus vestibulum sagittis sapien. Cum sociis natoque penatibus et magnis dis parturient montes, nascetur ridiculus mus.', '9/8/2020', 72);
insert into Comment (Id, Text, Date, ReviewId) values (73, 'Praesent blandit. Nam nulla. Integer pede justo, lacinia eget, tincidunt eget, tempus vel, pede.', '7/23/2020', 73);
insert into Comment (Id, Text, Date, ReviewId) values (74, 'Aenean fermentum. Donec ut mauris eget massa tempor convallis. Nulla neque libero, convallis eget, eleifend luctus, ultricies eu, nibh.', '5/19/2020', 74);
insert into Comment (Id, Text, Date, ReviewId) values (75, 'Praesent id massa id nisl venenatis lacinia. Aenean sit amet justo. Morbi ut odio.', '11/25/2019', 75);
insert into Comment (Id, Text, Date, ReviewId) values (76, 'Proin leo odio, porttitor id, consequat in, consequat ut, nulla. Sed accumsan felis. Ut at dolor quis odio consequat varius.', '11/26/2019', 76);
insert into Comment (Id, Text, Date, ReviewId) values (77, 'Aenean fermentum. Donec ut mauris eget massa tempor convallis. Nulla neque libero, convallis eget, eleifend luctus, ultricies eu, nibh.', '10/20/2020', 77);
insert into Comment (Id, Text, Date, ReviewId) values (78, 'Nullam sit amet turpis elementum ligula vehicula consequat. Morbi a ipsum. Integer a nibh.', '6/23/2020', 78);
insert into Comment (Id, Text, Date, ReviewId) values (79, 'Mauris enim leo, rhoncus sed, vestibulum sit amet, cursus id, turpis. Integer aliquet, massa id lobortis convallis, tortor risus dapibus augue, vel accumsan tellus nisi eu orci. Mauris lacinia sapien quis libero.', '11/18/2019', 79);
insert into Comment (Id, Text, Date, ReviewId) values (80, 'Fusce consequat. Nulla nisl. Nunc nisl.', '12/26/2019', 80);
insert into Comment (Id, Text, Date, ReviewId) values (81, 'Duis bibendum, felis sed interdum venenatis, turpis enim blandit mi, in porttitor pede justo eu massa. Donec dapibus. Duis at velit eu est congue elementum.', '2/7/2020', 81);
insert into Comment (Id, Text, Date, ReviewId) values (82, 'Proin leo odio, porttitor id, consequat in, consequat ut, nulla. Sed accumsan felis. Ut at dolor quis odio consequat varius.', '8/9/2020', 82);
insert into Comment (Id, Text, Date, ReviewId) values (83, 'Phasellus in felis. Donec semper sapien a libero. Nam dui.', '1/20/2020', 83);
insert into Comment (Id, Text, Date, ReviewId) values (84, 'Duis bibendum. Morbi non quam nec dui luctus rutrum. Nulla tellus.', '9/20/2020', 84);
insert into Comment (Id, Text, Date, ReviewId) values (85, 'Sed sagittis. Nam congue, risus semper porta volutpat, quam pede lobortis ligula, sit amet eleifend pede libero quis orci. Nullam molestie nibh in lectus.', '7/7/2020', 85);
insert into Comment (Id, Text, Date, ReviewId) values (86, 'Lorem ipsum dolor sit amet, consectetuer adipiscing elit. Proin risus. Praesent lectus.', '2/15/2020', 86);
insert into Comment (Id, Text, Date, ReviewId) values (87, 'In hac habitasse platea dictumst. Etiam faucibus cursus urna. Ut tellus.', '5/4/2020', 87);
insert into Comment (Id, Text, Date, ReviewId) values (88, 'Proin interdum mauris non ligula pellentesque ultrices. Phasellus id sapien in sapien iaculis congue. Vivamus metus arcu, adipiscing molestie, hendrerit at, vulputate vitae, nisl.', '12/19/2019', 88);
insert into Comment (Id, Text, Date, ReviewId) values (89, 'In hac habitasse platea dictumst. Morbi vestibulum, velit id pretium iaculis, diam erat fermentum justo, nec condimentum neque sapien placerat ante. Nulla justo.', '8/7/2020', 89);
insert into Comment (Id, Text, Date, ReviewId) values (90, 'Cum sociis natoque penatibus et magnis dis parturient montes, nascetur ridiculus mus. Vivamus vestibulum sagittis sapien. Cum sociis natoque penatibus et magnis dis parturient montes, nascetur ridiculus mus.', '4/24/2020', 90);
insert into Comment (Id, Text, Date, ReviewId) values (91, 'Sed sagittis. Nam congue, risus semper porta volutpat, quam pede lobortis ligula, sit amet eleifend pede libero quis orci. Nullam molestie nibh in lectus.', '5/18/2020', 91);
insert into Comment (Id, Text, Date, ReviewId) values (92, 'In hac habitasse platea dictumst. Morbi vestibulum, velit id pretium iaculis, diam erat fermentum justo, nec condimentum neque sapien placerat ante. Nulla justo.', '12/16/2019', 92);
insert into Comment (Id, Text, Date, ReviewId) values (93, 'Duis aliquam convallis nunc. Proin at turpis a pede posuere nonummy. Integer non velit.', '1/11/2020', 93);
insert into Comment (Id, Text, Date, ReviewId) values (94, 'Cras non velit nec nisi vulputate nonummy. Maecenas tincidunt lacus at velit. Vivamus vel nulla eget eros elementum pellentesque.', '3/4/2020', 94);
insert into Comment (Id, Text, Date, ReviewId) values (95, 'Pellentesque at nulla. Suspendisse potenti. Cras in purus eu magna vulputate luctus.', '1/19/2020', 95);
insert into Comment (Id, Text, Date, ReviewId) values (96, 'Nam ultrices, libero non mattis pulvinar, nulla pede ullamcorper augue, a suscipit nulla elit ac nulla. Sed vel enim sit amet nunc viverra dapibus. Nulla suscipit ligula in lacus.', '7/28/2020', 96);
insert into Comment (Id, Text, Date, ReviewId) values (97, 'Vestibulum ac est lacinia nisi venenatis tristique. Fusce congue, diam id ornare imperdiet, sapien urna pretium nisl, ut volutpat sapien arcu sed augue. Aliquam erat volutpat.', '9/26/2020', 97);
insert into Comment (Id, Text, Date, ReviewId) values (98, 'Duis consequat dui nec nisi volutpat eleifend. Donec ut dolor. Morbi vel lectus in quam fringilla rhoncus.', '5/1/2020', 98);
insert into Comment (Id, Text, Date, ReviewId) values (99, 'Aenean lectus. Pellentesque eget nunc. Donec quis orci eget orci vehicula condimentum.', '3/1/2020', 99);
insert into Comment (Id, Text, Date, ReviewId) values (100, 'Lorem ipsum dolor sit amet, consectetuer adipiscing elit. Proin risus. Praesent lectus.', '6/20/2020', 100);
insert into Comment (Id, Text, Date, ReviewId) values (101, 'Quisque porta volutpat erat. Quisque erat eros, viverra eget, congue eget, semper rutrum, nulla. Nunc purus.', '8/10/2020', 101);
insert into Comment (Id, Text, Date, ReviewId) values (102, 'Nullam sit amet turpis elementum ligula vehicula consequat. Morbi a ipsum. Integer a nibh.', '8/22/2020', 102);
insert into Comment (Id, Text, Date, ReviewId) values (103, 'Integer tincidunt ante vel ipsum. Praesent blandit lacinia erat. Vestibulum sed magna at nunc commodo placerat.', '1/30/2020', 103);
insert into Comment (Id, Text, Date, ReviewId) values (104, 'Sed sagittis. Nam congue, risus semper porta volutpat, quam pede lobortis ligula, sit amet eleifend pede libero quis orci. Nullam molestie nibh in lectus.', '12/30/2019', 104);
insert into Comment (Id, Text, Date, ReviewId) values (105, 'Fusce posuere felis sed lacus. Morbi sem mauris, laoreet ut, rhoncus aliquet, pulvinar sed, nisl. Nunc rhoncus dui vel sem.', '7/31/2020', 105);
insert into Comment (Id, Text, Date, ReviewId) values (106, 'Morbi non lectus. Aliquam sit amet diam in magna bibendum imperdiet. Nullam orci pede, venenatis non, sodales sed, tincidunt eu, felis.', '3/20/2020', 106);
insert into Comment (Id, Text, Date, ReviewId) values (107, 'Nulla ut erat id mauris vulputate elementum. Nullam varius. Nulla facilisi.', '9/6/2020', 107);
insert into Comment (Id, Text, Date, ReviewId) values (108, 'Phasellus in felis. Donec semper sapien a libero. Nam dui.', '4/1/2020', 108);
insert into Comment (Id, Text, Date, ReviewId) values (109, 'Etiam vel augue. Vestibulum rutrum rutrum neque. Aenean auctor gravida sem.', '3/7/2020', 109);
insert into Comment (Id, Text, Date, ReviewId) values (110, 'Nulla ut erat id mauris vulputate elementum. Nullam varius. Nulla facilisi.', '8/18/2020', 110);
insert into Comment (Id, Text, Date, ReviewId) values (111, 'In congue. Etiam justo. Etiam pretium iaculis justo.', '1/31/2020', 111);
insert into Comment (Id, Text, Date, ReviewId) values (112, 'Fusce posuere felis sed lacus. Morbi sem mauris, laoreet ut, rhoncus aliquet, pulvinar sed, nisl. Nunc rhoncus dui vel sem.', '9/28/2020', 112);
insert into Comment (Id, Text, Date, ReviewId) values (113, 'Cras mi pede, malesuada in, imperdiet et, commodo vulputate, justo. In blandit ultrices enim. Lorem ipsum dolor sit amet, consectetuer adipiscing elit.', '8/27/2020', 113);
insert into Comment (Id, Text, Date, ReviewId) values (114, 'Duis consequat dui nec nisi volutpat eleifend. Donec ut dolor. Morbi vel lectus in quam fringilla rhoncus.', '11/14/2019', 114);
insert into Comment (Id, Text, Date, ReviewId) values (115, 'Curabitur in libero ut massa volutpat convallis. Morbi odio odio, elementum eu, interdum eu, tincidunt in, leo. Maecenas pulvinar lobortis est.', '7/18/2020', 115);
insert into Comment (Id, Text, Date, ReviewId) values (116, 'Duis aliquam convallis nunc. Proin at turpis a pede posuere nonummy. Integer non velit.', '10/10/2020', 116);
insert into Comment (Id, Text, Date, ReviewId) values (117, 'Fusce posuere felis sed lacus. Morbi sem mauris, laoreet ut, rhoncus aliquet, pulvinar sed, nisl. Nunc rhoncus dui vel sem.', '3/31/2020', 117);
insert into Comment (Id, Text, Date, ReviewId) values (118, 'Aliquam quis turpis eget elit sodales scelerisque. Mauris sit amet eros. Suspendisse accumsan tortor quis turpis.', '9/19/2020', 118);
insert into Comment (Id, Text, Date, ReviewId) values (119, 'Curabitur at ipsum ac tellus semper interdum. Mauris ullamcorper purus sit amet nulla. Quisque arcu libero, rutrum ac, lobortis vel, dapibus at, diam.', '10/22/2020', 119);
insert into Comment (Id, Text, Date, ReviewId) values (120, 'Duis consequat dui nec nisi volutpat eleifend. Donec ut dolor. Morbi vel lectus in quam fringilla rhoncus.', '9/24/2020', 120);
insert into Comment (Id, Text, Date, ReviewId) values (121, 'Donec diam neque, vestibulum eget, vulputate ut, ultrices vel, augue. Vestibulum ante ipsum primis in faucibus orci luctus et ultrices posuere cubilia Curae; Donec pharetra, magna vestibulum aliquet ultrices, erat tortor sollicitudin mi, sit amet lobortis sapien sapien non mi. Integer ac neque.', '1/27/2020', 121);
insert into Comment (Id, Text, Date, ReviewId) values (122, 'In quis justo. Maecenas rhoncus aliquam lacus. Morbi quis tortor id nulla ultrices aliquet.', '11/17/2019', 122);
insert into Comment (Id, Text, Date, ReviewId) values (123, 'Cras non velit nec nisi vulputate nonummy. Maecenas tincidunt lacus at velit. Vivamus vel nulla eget eros elementum pellentesque.', '7/18/2020', 123);
insert into Comment (Id, Text, Date, ReviewId) values (124, 'Nullam sit amet turpis elementum ligula vehicula consequat. Morbi a ipsum. Integer a nibh.', '5/11/2020', 124);
insert into Comment (Id, Text, Date, ReviewId) values (125, 'Etiam vel augue. Vestibulum rutrum rutrum neque. Aenean auctor gravida sem.', '7/15/2020', 125);
insert into Comment (Id, Text, Date, ReviewId) values (126, 'Integer ac leo. Pellentesque ultrices mattis odio. Donec vitae nisi.', '1/29/2020', 126);
insert into Comment (Id, Text, Date, ReviewId) values (127, 'Aenean fermentum. Donec ut mauris eget massa tempor convallis. Nulla neque libero, convallis eget, eleifend luctus, ultricies eu, nibh.', '9/12/2020', 127);
insert into Comment (Id, Text, Date, ReviewId) values (128, 'Nam ultrices, libero non mattis pulvinar, nulla pede ullamcorper augue, a suscipit nulla elit ac nulla. Sed vel enim sit amet nunc viverra dapibus. Nulla suscipit ligula in lacus.', '4/2/2020', 128);
insert into Comment (Id, Text, Date, ReviewId) values (129, 'Nam ultrices, libero non mattis pulvinar, nulla pede ullamcorper augue, a suscipit nulla elit ac nulla. Sed vel enim sit amet nunc viverra dapibus. Nulla suscipit ligula in lacus.', '9/5/2020', 129);
insert into Comment (Id, Text, Date, ReviewId) values (130, 'Quisque id justo sit amet sapien dignissim vestibulum. Vestibulum ante ipsum primis in faucibus orci luctus et ultrices posuere cubilia Curae; Nulla dapibus dolor vel est. Donec odio justo, sollicitudin ut, suscipit a, feugiat et, eros.', '5/4/2020', 130);
insert into Comment (Id, Text, Date, ReviewId) values (131, 'Aenean lectus. Pellentesque eget nunc. Donec quis orci eget orci vehicula condimentum.', '12/14/2019', 131);
insert into Comment (Id, Text, Date, ReviewId) values (132, 'In hac habitasse platea dictumst. Etiam faucibus cursus urna. Ut tellus.', '4/11/2020', 132);
insert into Comment (Id, Text, Date, ReviewId) values (133, 'Donec diam neque, vestibulum eget, vulputate ut, ultrices vel, augue. Vestibulum ante ipsum primis in faucibus orci luctus et ultrices posuere cubilia Curae; Donec pharetra, magna vestibulum aliquet ultrices, erat tortor sollicitudin mi, sit amet lobortis sapien sapien non mi. Integer ac neque.', '10/29/2020', 133);
insert into Comment (Id, Text, Date, ReviewId) values (134, 'Morbi non lectus. Aliquam sit amet diam in magna bibendum imperdiet. Nullam orci pede, venenatis non, sodales sed, tincidunt eu, felis.', '3/8/2020', 134);
insert into Comment (Id, Text, Date, ReviewId) values (135, 'Donec diam neque, vestibulum eget, vulputate ut, ultrices vel, augue. Vestibulum ante ipsum primis in faucibus orci luctus et ultrices posuere cubilia Curae; Donec pharetra, magna vestibulum aliquet ultrices, erat tortor sollicitudin mi, sit amet lobortis sapien sapien non mi. Integer ac neque.', '10/28/2020', 135);
insert into Comment (Id, Text, Date, ReviewId) values (136, 'Cras mi pede, malesuada in, imperdiet et, commodo vulputate, justo. In blandit ultrices enim. Lorem ipsum dolor sit amet, consectetuer adipiscing elit.', '8/23/2020', 136);
insert into Comment (Id, Text, Date, ReviewId) values (137, 'Phasellus sit amet erat. Nulla tempus. Vivamus in felis eu sapien cursus vestibulum.', '10/14/2020', 137);
insert into Comment (Id, Text, Date, ReviewId) values (138, 'In quis justo. Maecenas rhoncus aliquam lacus. Morbi quis tortor id nulla ultrices aliquet.', '8/15/2020', 138);
insert into Comment (Id, Text, Date, ReviewId) values (139, 'Praesent blandit. Nam nulla. Integer pede justo, lacinia eget, tincidunt eget, tempus vel, pede.', '4/3/2020', 139);
insert into Comment (Id, Text, Date, ReviewId) values (140, 'In sagittis dui vel nisl. Duis ac nibh. Fusce lacus purus, aliquet at, feugiat non, pretium quis, lectus.', '2/8/2020', 140);
insert into Comment (Id, Text, Date, ReviewId) values (141, 'Proin interdum mauris non ligula pellentesque ultrices. Phasellus id sapien in sapien iaculis congue. Vivamus metus arcu, adipiscing molestie, hendrerit at, vulputate vitae, nisl.', '5/31/2020', 141);
insert into Comment (Id, Text, Date, ReviewId) values (142, 'Maecenas ut massa quis augue luctus tincidunt. Nulla mollis molestie lorem. Quisque ut erat.', '5/5/2020', 142);
insert into Comment (Id, Text, Date, ReviewId) values (143, 'In congue. Etiam justo. Etiam pretium iaculis justo.', '9/27/2020', 143);
insert into Comment (Id, Text, Date, ReviewId) values (144, 'Aliquam quis turpis eget elit sodales scelerisque. Mauris sit amet eros. Suspendisse accumsan tortor quis turpis.', '7/30/2020', 144);
insert into Comment (Id, Text, Date, ReviewId) values (145, 'Phasellus sit amet erat. Nulla tempus. Vivamus in felis eu sapien cursus vestibulum.', '1/10/2020', 145);
insert into Comment (Id, Text, Date, ReviewId) values (146, 'Integer tincidunt ante vel ipsum. Praesent blandit lacinia erat. Vestibulum sed magna at nunc commodo placerat.', '5/2/2020', 146);
insert into Comment (Id, Text, Date, ReviewId) values (147, 'In congue. Etiam justo. Etiam pretium iaculis justo.', '9/8/2020', 147);
insert into Comment (Id, Text, Date, ReviewId) values (148, 'Cras non velit nec nisi vulputate nonummy. Maecenas tincidunt lacus at velit. Vivamus vel nulla eget eros elementum pellentesque.', '4/2/2020', 148);
insert into Comment (Id, Text, Date, ReviewId) values (149, 'Vestibulum ac est lacinia nisi venenatis tristique. Fusce congue, diam id ornare imperdiet, sapien urna pretium nisl, ut volutpat sapien arcu sed augue. Aliquam erat volutpat.', '3/19/2020', 149);
insert into Comment (Id, Text, Date, ReviewId) values (150, 'Sed sagittis. Nam congue, risus semper porta volutpat, quam pede lobortis ligula, sit amet eleifend pede libero quis orci. Nullam molestie nibh in lectus.', '10/11/2020', 150);


insert into Photo (Id, HouseId, Description, Path) values (1, 1, 'Foto Principal da casa', '../assets/imagesHouses/casa1.jpg');
insert into Photo (Id, HouseId, Description, Path) values (2, 2, 'Foto Principal da casa', '../assets/imagesHouses/casa2.webp');
insert into Photo (Id, HouseId, Description, Path) values (3, 3, 'Foto Principal da casa', '../assets/imagesHouses/casa3.webp');
insert into Photo (Id, HouseId, Description, Path) values (4, 4, 'Foto Principal da casa', '../assets/imagesHouses/casa4.jpg');
insert into Photo (Id, HouseId, Description, Path) values (5, 5, 'Foto Principal da casa', '../assets/imagesHouses/casa5.webp');
insert into Photo (Id, HouseId, Description, Path) values (6, 6, 'Foto Principal da casa', '../assets/imagesHouses/casa6.jpg');
insert into Photo (Id, HouseId, Description, Path) values (7, 7, 'Foto Principal da casa', '../assets/imagesHouses/casa1.jpg');
insert into Photo (Id, HouseId, Description, Path) values (8, 8, 'Foto Principal da casa', '../assets/imagesHouses/casa2.webp');
insert into Photo (Id, HouseId, Description, Path) values (9, 9, 'Foto Principal da casa', '../assets/imagesHouses/casa3.webp');
insert into Photo (Id, HouseId, Description, Path) values (10, 10, 'Foto Principal da casa', '../assets/imagesHouses/casa4.jpg');
insert into Photo (Id, HouseId, Description, Path) values (11, 11, 'Foto Principal da casa', '../assets/imagesHouses/casa5.webp');
insert into Photo (Id, HouseId, Description, Path) values (12, 12, 'Foto Principal da casa', '../assets/imagesHouses/casa6.jpg');
insert into Photo (Id, HouseId, Description, Path) values (13, 13, 'Foto Principal da casa', '../assets/imagesHouses/casa1.jpg');
insert into Photo (Id, HouseId, Description, Path) values (14, 14, 'Foto Principal da casa', '../assets/imagesHouses/casa2.webp');
insert into Photo (Id, HouseId, Description, Path) values (15, 15, 'Foto Principal da casa', '../assets/imagesHouses/casa3.webp');
insert into Photo (Id, HouseId, Description, Path) values (16, 16, 'Foto Principal da casa', '../assets/imagesHouses/casa4.jpg');
insert into Photo (Id, HouseId, Description, Path) values (17, 17, 'Foto Principal da casa', '../assets/imagesHouses/casa5.webp');
insert into Photo (Id, HouseId, Description, Path) values (18, 18, 'Foto Principal da casa', '../assets/imagesHouses/casa6.jpg');
insert into Photo (Id, HouseId, Description, Path) values (19, 19, 'Foto Principal da casa', '../assets/imagesHouses/casa1.jpg');
insert into Photo (Id, HouseId, Description, Path) values (20, 20, 'Foto Principal da casa', '../assets/imagesHouses/casa2.webp');
insert into Photo (Id, HouseId, Description, Path) values (21, 21, 'Foto Principal da casa', '../assets/imagesHouses/casa3.webp');
insert into Photo (Id, HouseId, Description, Path) values (22, 22, 'Foto Principal da casa', '../assets/imagesHouses/casa4.jpg');
insert into Photo (Id, HouseId, Description, Path) values (23, 23, 'Foto Principal da casa', '../assets/imagesHouses/casa5.webp');
insert into Photo (Id, HouseId, Description, Path) values (24, 24, 'Foto Principal da casa', '../assets/imagesHouses/casa6.jpg');
insert into Photo (Id, HouseId, Description, Path) values (25, 25, 'Foto Principal da casa', '../assets/imagesHouses/casa1.jpg');
insert into Photo (Id, HouseId, Description, Path) values (26, 26, 'Foto Principal da casa', '../assets/imagesHouses/casa2.webp');
insert into Photo (Id, HouseId, Description, Path) values (27, 27, 'Foto Principal da casa', '../assets/imagesHouses/casa3.webp');
insert into Photo (Id, HouseId, Description, Path) values (28, 28, 'Foto Principal da casa', '../assets/imagesHouses/casa4.jpg');
insert into Photo (Id, HouseId, Description, Path) values (29, 29, 'Foto Principal da casa', '../assets/imagesHouses/casa5.webp');
insert into Photo (Id, HouseId, Description, Path) values (30, 30, 'Foto Principal da casa', '../assets/imagesHouses/casa6.jpg');
insert into Photo (Id, HouseId, Description, Path) values (31, 31, 'Foto Principal da casa', '../assets/imagesHouses/casa1.jpg');
insert into Photo (Id, HouseId, Description, Path) values (32, 32, 'Foto Principal da casa', '../assets/imagesHouses/casa2.webp');
insert into Photo (Id, HouseId, Description, Path) values (33, 33, 'Foto Principal da casa', '../assets/imagesHouses/casa3.webp');
insert into Photo (Id, HouseId, Description, Path) values (34, 34, 'Foto Principal da casa', '../assets/imagesHouses/casa4.jpg');
insert into Photo (Id, HouseId, Description, Path) values (35, 35, 'Foto Principal da casa', '../assets/imagesHouses/casa5.webp');
insert into Photo (Id, HouseId, Description, Path) values (36, 36, 'Foto Principal da casa', '../assets/imagesHouses/casa6.jpg');
insert into Photo (Id, HouseId, Description, Path) values (37, 37, 'Foto Principal da casa', '../assets/imagesHouses/casa1.jpg');
insert into Photo (Id, HouseId, Description, Path) values (38, 38, 'Foto Principal da casa', '../assets/imagesHouses/casa2.webp');
insert into Photo (Id, HouseId, Description, Path) values (39, 39, 'Foto Principal da casa', '../assets/imagesHouses/casa3.webp');
insert into Photo (Id, HouseId, Description, Path) values (40, 40, 'Foto Principal da casa', '../assets/imagesHouses/casa4.jpg');
insert into Photo (Id, HouseId, Description, Path) values (41, 41, 'Foto Principal da casa', '../assets/imagesHouses/casa5.webp');
insert into Photo (Id, HouseId, Description, Path) values (42, 42, 'Foto Principal da casa', '../assets/imagesHouses/casa6.jpg');
insert into Photo (Id, HouseId, Description, Path) values (43, 43, 'Foto Principal da casa', '../assets/imagesHouses/casa1.jpg');
insert into Photo (Id, HouseId, Description, Path) values (44, 44, 'Foto Principal da casa', '../assets/imagesHouses/casa2.webp');
insert into Photo (Id, HouseId, Description, Path) values (45, 45, 'Foto Principal da casa', '../assets/imagesHouses/casa3.webp');
insert into Photo (Id, HouseId, Description, Path) values (46, 46, 'Foto Principal da casa', '../assets/imagesHouses/casa4.jpg');
insert into Photo (Id, HouseId, Description, Path) values (47, 47, 'Foto Principal da casa', '../assets/imagesHouses/casa5.webp');
insert into Photo (Id, HouseId, Description, Path) values (48, 48, 'Foto Principal da casa', '../assets/imagesHouses/casa6.jpg');
insert into Photo (Id, HouseId, Description, Path) values (49, 49, 'Foto Principal da casa', '../assets/imagesHouses/casa1.jpg');
insert into Photo (Id, HouseId, Description, Path) values (50, 50, 'Foto Principal da casa', '../assets/imagesHouses/casa2.webp');
































