PRAGMA foreign_keys = ON;


insert into User (Id, Name, DateOfBirth, Email, Username, Password) values (1, 'Pace', '1991-03-03', 'pkloster0@homestead.com', 'pniblett0', 'jbrrbZ');
insert into User (Id, Name, DateOfBirth, Email, Username, Password) values (2, 'Melina', '1920-01-17', 'mcollymore1@adobe.com', 'mkubiak1', 'HQCxZS');
insert into User (Id, Name, DateOfBirth, Email, Username, Password) values (3, 'Kirstyn', '1946-02-14', 'kantonucci2@last.fm', 'kbengal2', 'llR1AKFMDZ0U');
insert into User (Id, Name, DateOfBirth, Email, Username, Password) values (4, 'Odell', '1964-12-12', 'ohowett3@foxnews.com', 'okemmons3', 'yprGHpM');
insert into User (Id, Name, DateOfBirth, Email, Username, Password) values (5, 'Pegeen', '1943-08-06', 'plehenmann4@tamu.edu', 'pwarrick4', 'lhqzEvQN');
insert into User (Id, Name, DateOfBirth, Email, Username, Password) values (6, 'Roy', '1960-04-26', 'rferrand5@businessweek.com', 'rdowsing5', 'wtnvsKmDr');
insert into User (Id, Name, DateOfBirth, Email, Username, Password) values (7, 'Louie', '1958-10-27', 'lbastie6@guardian.co.uk', 'lmarle6', 'uscIgSK');
insert into User (Id, Name, DateOfBirth, Email, Username, Password) values (8, 'Stu', '1952-07-31', 'svasyukov7@oracle.com', 'swedlake7', 'C2te14n2JY');
insert into User (Id, Name, DateOfBirth, Email, Username, Password) values (9, 'Kalila', '1927-04-16', 'kedland8@admin.ch', 'kcathrae8', '9M9pztmkMD');
insert into User (Id, Name, DateOfBirth, Email, Username, Password) values (10, 'Tildie', '1913-08-01', 'tcoveney9@geocities.com', 'twebbbowen9', 'JYktp2iu');
insert into User (Id, Name, DateOfBirth, Email, Username, Password) values (11, 'Bevan', '1958-01-25', 'bcrocketta@hc360.com', 'bfingletona', 'R2PdmF');
insert into User (Id, Name, DateOfBirth, Email, Username, Password) values (12, 'Webster', '1975-10-29', 'wshepleyb@netlog.com', 'wdallowb', 'YeYGQI');
insert into User (Id, Name, DateOfBirth, Email, Username, Password) values (13, 'Rennie', '1930-12-14', 'relstowc@princeton.edu', 'risetonc', 'gN3KSh7T');
insert into User (Id, Name, DateOfBirth, Email, Username, Password) values (14, 'Marline', '1974-09-01', 'mmcginnisd@mozilla.com', 'mmaudlingd', '04aFmGGfS');
insert into User (Id, Name, DateOfBirth, Email, Username, Password) values (15, 'Dickie', '1923-07-23', 'dearde@kickstarter.com', 'diannuzzie', '1OOojG');
insert into User (Id, Name, DateOfBirth, Email, Username, Password) values (16, 'Tori', '1910-02-03', 'tkemetf@home.pl', 'tmacrorief', '2h9Khndi1Ov5');
insert into User (Id, Name, DateOfBirth, Email, Username, Password) values (17, 'Del', '1986-11-16', 'dferrerog@wix.com', 'dculleyg', 'ETGfWn');
insert into User (Id, Name, DateOfBirth, Email, Username, Password) values (18, 'Andreana', '1977-01-13', 'aospillaneh@indiegogo.com', 'afearh', 'iW8IbEX8');
insert into User (Id, Name, DateOfBirth, Email, Username, Password) values (19, 'Culver', '1955-04-11', 'creynardi@pcworld.com', 'cmcgiffini', 'qLM0p04V4Qq');
insert into User (Id, Name, DateOfBirth, Email, Username, Password) values (20, 'Fritz', '1914-05-23', 'fstonej@usgs.gov', 'ftonryj', 'aySQZ94RP');
insert into User (Id, Name, DateOfBirth, Email, Username, Password) values (21, 'Janna', '1966-05-28', 'jmokesk@businessinsider.com', 'jgrigorievk', 'Abxm3bbuIXkA');
insert into User (Id, Name, DateOfBirth, Email, Username, Password) values (22, 'Isaak', '1914-08-25', 'ibonsonl@patch.com', 'iglandersl', 'mbLjbLkZRFVM');
insert into User (Id, Name, DateOfBirth, Email, Username, Password) values (23, 'Noel', '1960-05-15', 'nmorrottm@bizjournals.com', 'nbalshawm', 'RA1wxpn');
insert into User (Id, Name, DateOfBirth, Email, Username, Password) values (24, 'Liane', '1953-04-14', 'lstariesn@bluehost.com', 'lpitkeathleyn', 'b5EUumkstgP');
insert into User (Id, Name, DateOfBirth, Email, Username, Password) values (25, 'Berty', '1959-03-08', 'bbeyero@phoca.cz', 'bsowteo', 'EqP6PMDXV');
insert into User (Id, Name, DateOfBirth, Email, Username, Password) values (26, 'Pauly', '1948-11-24', 'plathburyp@bluehost.com', 'pprewettp', 'lH2kGr');
insert into User (Id, Name, DateOfBirth, Email, Username, Password) values (27, 'Kissiah', '1973-12-13', 'kavrahamianq@arstechnica.com', 'kdavorenq', 'GeK4fb6Yhky');
insert into User (Id, Name, DateOfBirth, Email, Username, Password) values (28, 'Devin', '1966-11-25', 'dshowenr@amazon.com', 'disaqr', 'XHjnV8Fhw');
insert into User (Id, Name, DateOfBirth, Email, Username, Password) values (29, 'Gherardo', '1946-12-11', 'gmitcheners@tiny.cc', 'gfanstones', 'olZ2YeA');
insert into User (Id, Name, DateOfBirth, Email, Username, Password) values (30, 'Kathy', '1954-02-24', 'kgreestt@hexun.com', 'kalessandrettit', 'DwFme7XxxpdC');
insert into User (Id, Name, DateOfBirth, Email, Username, Password) values (31, 'Catherina', '1939-05-08', 'cbirtu@ning.com', 'cpickeringu', 'f5dCzMxcf99');
insert into User (Id, Name, DateOfBirth, Email, Username, Password) values (32, 'Linette', '1927-01-22', 'lbeniniv@google.nl', 'lmillichipv', 'jHTyWb');
insert into User (Id, Name, DateOfBirth, Email, Username, Password) values (33, 'Guss', '1915-01-31', 'glethebridgew@de.vu', 'ggillattw', 'DMz63gtv6T');
insert into User (Id, Name, DateOfBirth, Email, Username, Password) values (34, 'Manfred', '1977-09-11', 'mgallacherx@unicef.org', 'mstonhousex', 'oZM24n03lx');
insert into User (Id, Name, DateOfBirth, Email, Username, Password) values (35, 'Hildagard', '1923-06-19', 'hparkhousey@desdev.cn', 'hhuncotey', '7Ea5Zg7RkUxY');
insert into User (Id, Name, DateOfBirth, Email, Username, Password) values (36, 'Adrianna', '1930-02-15', 'aeasumz@delicious.com', 'awherritz', '4cSyNI05lg');
insert into User (Id, Name, DateOfBirth, Email, Username, Password) values (37, 'Eugenius', '1954-11-24', 'ejurisch10@spotify.com', 'econley10', 'qSXfQi');
insert into User (Id, Name, DateOfBirth, Email, Username, Password) values (38, 'Amara', '1955-06-29', 'asoigoux11@godaddy.com', 'apottie11', 'TjfV1id');
insert into User (Id, Name, DateOfBirth, Email, Username, Password) values (39, 'Cindra', '1973-02-13', 'cskurm12@adobe.com', 'ckesby12', 'sQigB53No7');
insert into User (Id, Name, DateOfBirth, Email, Username, Password) values (40, 'Fitz', '1950-03-27', 'fgiacomello13@w3.org', 'fsample13', 'JkaOSE');
insert into User (Id, Name, DateOfBirth, Email, Username, Password) values (41, 'Theodore', '1980-07-23', 'trudman14@independent.co.uk', 'tbachnic14', 'Yq9XFa');
insert into User (Id, Name, DateOfBirth, Email, Username, Password) values (42, 'Adelaida', '1985-04-25', 'aspinney15@twitter.com', 'aivanikhin15', 'T7uLko5N8h3T');
insert into User (Id, Name, DateOfBirth, Email, Username, Password) values (43, 'Aurelia', '1937-03-30', 'acloake16@51.la', 'achatenet16', 's6TlNN5mkLX');
insert into User (Id, Name, DateOfBirth, Email, Username, Password) values (44, 'Brena', '1991-09-05', 'bcryer17@sina.com.cn', 'bpetric17', 'iXFTWlkgOYeX');
insert into User (Id, Name, DateOfBirth, Email, Username, Password) values (45, 'Baxie', '1946-12-02', 'bmacchaell18@cdc.gov', 'bstobbart18', 'LtuJfbhPRC');
insert into User (Id, Name, DateOfBirth, Email, Username, Password) values (46, 'Celestina', '1977-09-07', 'cdjorvic19@constantcontact.com', 'chuddy19', 'nQe3TPotdakk');
insert into User (Id, Name, DateOfBirth, Email, Username, Password) values (47, 'Starlene', '1963-01-12', 'skennifick1a@reverbnation.com', 'sfairnington1a', 'c46QkCpgfl');
insert into User (Id, Name, DateOfBirth, Email, Username, Password) values (48, 'Myrna', '1965-10-07', 'mchastey1b@4shared.com', 'mcrumby1b', 'AHo06l4yEZ');
insert into User (Id, Name, DateOfBirth, Email, Username, Password) values (49, 'Gunar', '1927-08-29', 'gpaiton1c@craigslist.org', 'gbeckson1c', 'xjOi2HoHZ');
insert into User (Id, Name, DateOfBirth, Email, Username, Password) values (50, 'Dorotea', '1925-09-16', 'dcolbron1d@ucsd.edu', 'djennins1d', 'SZkF975Ao');
insert into User (Id, Name, DateOfBirth, Email, Username, Password) values (51, 'Farley', '1996-09-14', 'femptage1e@bing.com', 'fgrunwall1e', 'JTnJRmfJj');
insert into User (Id, Name, DateOfBirth, Email, Username, Password) values (52, 'Doria', '1938-06-03', 'dtrangmar1f@miibeian.gov.cn', 'dbinks1f', 'Km9YvRIZ9Ym');
insert into User (Id, Name, DateOfBirth, Email, Username, Password) values (53, 'Monti', '1931-11-14', 'mscrowton1g@dell.com', 'mgatward1g', '8LCFQXFbdvR');
insert into User (Id, Name, DateOfBirth, Email, Username, Password) values (54, 'Rhoda', '1951-07-04', 'rleakner1h@histats.com', 'rhuckabe1h', 'Gr78kYc');
insert into User (Id, Name, DateOfBirth, Email, Username, Password) values (55, 'Kristi', '1992-10-05', 'kpanniers1i@narod.ru', 'kpaladini1i', 'Bnp2QVym');
insert into User (Id, Name, DateOfBirth, Email, Username, Password) values (56, 'Lauri', '1914-03-12', 'lrizzolo1j@weather.com', 'lcopplestone1j', 'MvAMkg4GjVRd');
insert into User (Id, Name, DateOfBirth, Email, Username, Password) values (57, 'Loralie', '1960-06-06', 'lartis1k@ftc.gov', 'lbowskill1k', 'YmQalq2Hrjdb');
insert into User (Id, Name, DateOfBirth, Email, Username, Password) values (58, 'Gretna', '1985-02-02', 'gscholfield1l@sogou.com', 'grolph1l', 'BeiG6X2');
insert into User (Id, Name, DateOfBirth, Email, Username, Password) values (59, 'Norrie', '1957-01-03', 'neasey1m@weibo.com', 'nwinchcomb1m', 'pUnCLWeMln4Y');
insert into User (Id, Name, DateOfBirth, Email, Username, Password) values (60, 'Thia', '1910-11-03', 'tcarlaw1n@etsy.com', 'tantoszczyk1n', 'GKSmDYQoFEaz');
insert into User (Id, Name, DateOfBirth, Email, Username, Password) values (61, 'Belva', '1975-01-21', 'bbirwhistle1o@home.pl', 'bgentle1o', 'HaU41Xkd');
insert into User (Id, Name, DateOfBirth, Email, Username, Password) values (62, 'Yolanthe', '1994-09-21', 'ykhoter1p@wisc.edu', 'yguage1p', 'snyqgC');
insert into User (Id, Name, DateOfBirth, Email, Username, Password) values (63, 'Julieta', '1995-11-14', 'jjelliman1q@who.int', 'jdurban1q', 'TgVuR9U0JC');
insert into User (Id, Name, DateOfBirth, Email, Username, Password) values (64, 'Rudolfo', '1912-12-03', 'rrippingall1r@unicef.org', 'rstanlike1r', 'oEQla0urR2y2');
insert into User (Id, Name, DateOfBirth, Email, Username, Password) values (65, 'Marcelle', '1965-06-22', 'mdevil1s@samsung.com', 'mkeddle1s', 'zEiFZ3Qh9Tf');
insert into User (Id, Name, DateOfBirth, Email, Username, Password) values (66, 'Alicia', '1938-02-08', 'adarrington1t@washingtonpost.com', 'agaggen1t', 'oO42HffjLBC');
insert into User (Id, Name, DateOfBirth, Email, Username, Password) values (67, 'Emerson', '1920-04-18', 'ebluett1u@newsvine.com', 'ecareless1u', 'dl8FCY');
insert into User (Id, Name, DateOfBirth, Email, Username, Password) values (68, 'Ariella', '1925-11-15', 'adodshon1v@bloglines.com', 'acunde1v', '0IRfyPsTm');
insert into User (Id, Name, DateOfBirth, Email, Username, Password) values (69, 'Drud', '1974-10-13', 'dbynert1w@geocities.com', 'duzelli1w', 'ymeenZ');
insert into User (Id, Name, DateOfBirth, Email, Username, Password) values (70, 'Arden', '1991-06-28', 'avarcoe1x@prnewswire.com', 'agateman1x', '6qqSkjBnWU');
insert into User (Id, Name, DateOfBirth, Email, Username, Password) values (71, 'Knox', '1987-05-01', 'kpetr1y@php.net', 'kcherryman1y', 'enJcCxhdMoja');
insert into User (Id, Name, DateOfBirth, Email, Username, Password) values (72, 'Nikolaos', '1972-06-17', 'nthompson1z@t.co', 'nreams1z', 'vci6Wzv5G');
insert into User (Id, Name, DateOfBirth, Email, Username, Password) values (73, 'Pablo', '1959-12-04', 'pkindle20@blog.com', 'pjimpson20', 'p6ByYF7jEM7');
insert into User (Id, Name, DateOfBirth, Email, Username, Password) values (74, 'Edmund', '1966-11-02', 'egeater21@biblegateway.com', 'eohenery21', 'VZ5exq3l8tT');
insert into User (Id, Name, DateOfBirth, Email, Username, Password) values (75, 'Patrizia', '1971-09-27', 'pquick22@furl.net', 'pcobbin22', '6UgUHv5ErFn');
insert into User (Id, Name, DateOfBirth, Email, Username, Password) values (76, 'Orel', '1916-03-16', 'oivachyov23@canalblog.com', 'opesterfield23', 'X0kMRrG');
insert into User (Id, Name, DateOfBirth, Email, Username, Password) values (77, 'Sheryl', '1921-04-10', 'scourtman24@youku.com', 'shuxter24', 'dZwmHcW');
insert into User (Id, Name, DateOfBirth, Email, Username, Password) values (78, 'Neal', '1951-06-05', 'nrainon25@uiuc.edu', 'nludye25', 'kpKKSEc71EEZ');
insert into User (Id, Name, DateOfBirth, Email, Username, Password) values (79, 'Lacie', '1937-03-15', 'llorking26@dot.gov', 'lbindley26', 'DtBL87P');
insert into User (Id, Name, DateOfBirth, Email, Username, Password) values (80, 'Bourke', '1994-02-24', 'bbrydell27@exblog.jp', 'btremblett27', 'CTrR2GPC');
insert into User (Id, Name, DateOfBirth, Email, Username, Password) values (81, 'Ilka', '1994-03-21', 'iklemenz28@usgs.gov', 'iriccardini28', 'PJP61my');
insert into User (Id, Name, DateOfBirth, Email, Username, Password) values (82, 'Olly', '1966-11-24', 'ostelljes29@google.de', 'obreston29', 'wXkDzzOLg89');
insert into User (Id, Name, DateOfBirth, Email, Username, Password) values (83, 'Lucretia', '1958-05-17', 'lpavlitschek2a@wisc.edu', 'lbellam2a', 'hbVKvF');
insert into User (Id, Name, DateOfBirth, Email, Username, Password) values (84, 'Ellyn', '1978-05-01', 'eodegaard2b@example.com', 'escheu2b', 'b5h4kp1ZMKn7');
insert into User (Id, Name, DateOfBirth, Email, Username, Password) values (85, 'Luis', '1916-06-22', 'ldelacey2c@reverbnation.com', 'lseint2c', 'XE9sleoTwEsH');
insert into User (Id, Name, DateOfBirth, Email, Username, Password) values (86, 'Waylon', '1975-04-12', 'wstede2d@cpanel.net', 'wstoyle2d', 'V0pTrPjVLMz');
insert into User (Id, Name, DateOfBirth, Email, Username, Password) values (87, 'Giordano', '1985-07-07', 'gdolder2e@yandex.ru', 'gwyllis2e', 'uKDa86');
insert into User (Id, Name, DateOfBirth, Email, Username, Password) values (88, 'Ryann', '1910-05-17', 'rstout2f@cornell.edu', 'rstammler2f', 'cq20GV');
insert into User (Id, Name, DateOfBirth, Email, Username, Password) values (89, 'Brooks', '1975-03-14', 'bluto2g@csmonitor.com', 'bkrook2g', '8nzbKw');
insert into User (Id, Name, DateOfBirth, Email, Username, Password) values (90, 'Meaghan', '1945-09-02', 'mlille2h@cpanel.net', 'mkenzie2h', 'osDWK3p');
insert into User (Id, Name, DateOfBirth, Email, Username, Password) values (91, 'Nadine', '1924-09-25', 'nsparling2i@reference.com', 'nklesl2i', 'b5xxs4kl0FN');
insert into User (Id, Name, DateOfBirth, Email, Username, Password) values (92, 'Jemimah', '1987-12-14', 'jblew2j@flickr.com', 'jtrudgion2j', 'To6U023m');
insert into User (Id, Name, DateOfBirth, Email, Username, Password) values (93, 'Gracie', '1938-04-15', 'gclimer2k@ihg.com', 'ghobgen2k', 'QLS14QBa2B');
insert into User (Id, Name, DateOfBirth, Email, Username, Password) values (94, 'Sharline', '1981-12-25', 'sbartoli2l@digg.com', 'skondrachenko2l', 'anZBKEm51');
insert into User (Id, Name, DateOfBirth, Email, Username, Password) values (95, 'Nancie', '1920-02-18', 'ncroix2m@github.io', 'nleyzell2m', 'jDUy4T2tqMe4');
insert into User (Id, Name, DateOfBirth, Email, Username, Password) values (96, 'Stacey', '1939-05-18', 'sfinker2n@mayoclinic.com', 'sshawel2n', 'J5SuCT');
insert into User (Id, Name, DateOfBirth, Email, Username, Password) values (97, 'Paulita', '1938-09-10', 'pfavell2o@bandcamp.com', 'pblesli2o', 'GEqL0dBTb8Gk');
insert into User (Id, Name, DateOfBirth, Email, Username, Password) values (98, 'Klarrisa', '1939-09-10', 'kdominy2p@a8.net', 'kbriffett2p', 'UyA3PT3R2fQl');
insert into User (Id, Name, DateOfBirth, Email, Username, Password) values (99, 'Olivia', '1978-04-06', 'omaxsted2q@jigsy.com', 'oduthie2q', 'dHDt1o85OO1');
insert into User (Id, Name, DateOfBirth, Email, Username, Password) values (100, 'Biddie', '1972-11-13', 'brhodus2r@bandcamp.com', 'bkelbie2r', 'hLhHtvRfNc');
insert into User (Id, Name, DateOfBirth, Email, Username, Password) values (101, 'Jenda', '1927-02-09', 'jdreossi2s@imgur.com', 'jsandsallan2s', 'iRwTLTi0L');
insert into User (Id, Name, DateOfBirth, Email, Username, Password) values (102, 'Rasia', '1918-07-22', 'rsinncock2t@cpanel.net', 'rmackay2t', '7V6Tp8Iu5Bj');
insert into User (Id, Name, DateOfBirth, Email, Username, Password) values (103, 'Cyndia', '1929-04-06', 'cquiddington2u@wired.com', 'cboosey2u', 'fLk1uIuAC');
insert into User (Id, Name, DateOfBirth, Email, Username, Password) values (104, 'Duffie', '1975-01-16', 'dziemen2v@dropbox.com', 'dsamwayes2v', 'QYD7CbVIR2u');
insert into User (Id, Name, DateOfBirth, Email, Username, Password) values (105, 'Cleveland', '1931-04-10', 'cmacgruer2w@cpanel.net', 'clardeux2w', '0zLDOdaDvvSo');
insert into User (Id, Name, DateOfBirth, Email, Username, Password) values (106, 'Adlai', '1959-02-03', 'apetrovic2x@thetimes.co.uk', 'ariseam2x', 'OihdoL1KNe');
insert into User (Id, Name, DateOfBirth, Email, Username, Password) values (107, 'Dee dee', '1962-04-29', 'dgetten2y@vkontakte.ru', 'dsabattier2y', '1VTODga');
insert into User (Id, Name, DateOfBirth, Email, Username, Password) values (108, 'Mada', '1923-09-11', 'mgullefant2z@sciencedaily.com', 'mgehringer2z', 'BNqUd3Ac4o');
insert into User (Id, Name, DateOfBirth, Email, Username, Password) values (109, 'Urson', '1954-06-05', 'ubroadberry30@example.com', 'ulawn30', 'VlDJ0z');
insert into User (Id, Name, DateOfBirth, Email, Username, Password) values (110, 'Josephina', '1989-07-20', 'jhirjak31@friendfeed.com', 'jletts31', 'f8p6g2iq');
insert into User (Id, Name, DateOfBirth, Email, Username, Password) values (111, 'Cecilla', '1999-11-24', 'cpock32@tamu.edu', 'ccattle32', 'I2DrKUzevce');
insert into User (Id, Name, DateOfBirth, Email, Username, Password) values (112, 'Terrance', '1972-10-14', 'tsnoxill33@umich.edu', 'tmccullagh33', 'Fzg5r6Ujp');
insert into User (Id, Name, DateOfBirth, Email, Username, Password) values (113, 'Yorker', '1958-08-04', 'ybredee34@pcworld.com', 'yciccerale34', 'uxCPCJZI2d');
insert into User (Id, Name, DateOfBirth, Email, Username, Password) values (114, 'Bobinette', '1913-11-28', 'bpeskett35@gizmodo.com', 'bcloutt35', 'uy4cw1QEimSW');
insert into User (Id, Name, DateOfBirth, Email, Username, Password) values (115, 'Reyna', '1978-05-29', 'rcartmael36@360.cn', 'rmatijevic36', '1oySPmlk');
insert into User (Id, Name, DateOfBirth, Email, Username, Password) values (116, 'Suzy', '1973-04-16', 'sselbach37@slate.com', 'sasel37', 'kqdLcSMFF');
insert into User (Id, Name, DateOfBirth, Email, Username, Password) values (117, 'Matthiew', '1998-03-05', 'mdisbury38@ebay.co.uk', 'mbellingham38', '45k9HJu');
insert into User (Id, Name, DateOfBirth, Email, Username, Password) values (118, 'Julio', '1956-04-11', 'jwoof39@hp.com', 'jmcreidy39', 'UyvRf1ldkjq');
insert into User (Id, Name, DateOfBirth, Email, Username, Password) values (119, 'Orton', '1985-03-08', 'okiefer3a@acquirethisname.com', 'owhitelaw3a', 'tp82FD6');
insert into User (Id, Name, DateOfBirth, Email, Username, Password) values (120, 'Colleen', '1973-10-12', 'ckinsell3b@sakura.ne.jp', 'cmelpuss3b', 'WMa6gNwckmR');
insert into User (Id, Name, DateOfBirth, Email, Username, Password) values (121, 'Josephine', '1917-03-11', 'jgrassett3c@blog.com', 'jormston3c', 'O496kD4DN');
insert into User (Id, Name, DateOfBirth, Email, Username, Password) values (122, 'Leonerd', '1958-10-12', 'lturnock3d@ycombinator.com', 'lgodsafe3d', 'rZObrkpEApL');
insert into User (Id, Name, DateOfBirth, Email, Username, Password) values (123, 'Tiffany', '1936-09-05', 'trickaert3e@newyorker.com', 'tfigg3e', 'rGzjvTyakJXS');
insert into User (Id, Name, DateOfBirth, Email, Username, Password) values (124, 'Claudianus', '1944-09-23', 'cdeinhardt3f@diigo.com', 'cgopsill3f', 'wIoDuVLB8N3D');
insert into User (Id, Name, DateOfBirth, Email, Username, Password) values (125, 'Albert', '1918-05-13', 'asurgenor3g@businessweek.com', 'aglazyer3g', 'MizMGwXP5k3e');
insert into User (Id, Name, DateOfBirth, Email, Username, Password) values (126, 'Amble', '1985-05-28', 'aolagen3h@geocities.jp', 'avoules3h', '56Bkec6u9O7');
insert into User (Id, Name, DateOfBirth, Email, Username, Password) values (127, 'Amberly', '1947-03-06', 'abrandreth3i@is.gd', 'afitzgibbon3i', 'wioN1PuparI');
insert into User (Id, Name, DateOfBirth, Email, Username, Password) values (128, 'Jackqueline', '1995-08-09', 'jhodgin3j@techcrunch.com', 'jfrail3j', 'HMZEBm');
insert into User (Id, Name, DateOfBirth, Email, Username, Password) values (129, 'Burgess', '1929-12-01', 'bdearlepalser3k@eventbrite.com', 'bshaw3k', 'x1ml0VoSP');
insert into User (Id, Name, DateOfBirth, Email, Username, Password) values (130, 'Perice', '1944-10-25', 'psennett3l@i2i.jp', 'pshapero3l', 'LZNkI5Q');
insert into User (Id, Name, DateOfBirth, Email, Username, Password) values (131, 'Angeline', '1926-05-13', 'awretham3m@harvard.edu', 'ahassent3m', 'iwYD7aIlvZ');
insert into User (Id, Name, DateOfBirth, Email, Username, Password) values (132, 'Franky', '1962-05-30', 'fwooton3n@sciencedirect.com', 'fjagson3n', 'qootByQ5n');
insert into User (Id, Name, DateOfBirth, Email, Username, Password) values (133, 'Ariadne', '1910-02-15', 'apitway3o@t.co', 'adoodson3o', 'SpvNk5mUs');
insert into User (Id, Name, DateOfBirth, Email, Username, Password) values (134, 'Oliviero', '1977-09-29', 'osmooth3p@guardian.co.uk', 'ocoatsworth3p', 'FvKGBqeUNg');
insert into User (Id, Name, DateOfBirth, Email, Username, Password) values (135, 'Rozanne', '1978-01-21', 'rsavin3q@qq.com', 'rblonden3q', 'vYUQnxG');
insert into User (Id, Name, DateOfBirth, Email, Username, Password) values (136, 'Kelsy', '1940-01-30', 'kfivey3r@usda.gov', 'kpepys3r', 'LSzDxc0S');
insert into User (Id, Name, DateOfBirth, Email, Username, Password) values (137, 'Gamaliel', '1927-12-05', 'gcheesley3s@e-recht24.de', 'ggryglewski3s', 'WFjmBJ3');
insert into User (Id, Name, DateOfBirth, Email, Username, Password) values (138, 'Brittne', '1933-01-10', 'bkennea3t@addtoany.com', 'bpenn3t', 'GefU94S');
insert into User (Id, Name, DateOfBirth, Email, Username, Password) values (139, 'Nikkie', '1968-01-13', 'nblanc3u@princeton.edu', 'nerlam3u', 'DDec5ND');
insert into User (Id, Name, DateOfBirth, Email, Username, Password) values (140, 'Caren', '1992-04-27', 'ctrussman3v@seesaa.net', 'cnial3v', 'ySK4IC');
insert into User (Id, Name, DateOfBirth, Email, Username, Password) values (141, 'Jerrylee', '1993-02-11', 'jscully3w@macromedia.com', 'jfrape3w', 'gNIv3ZPFE0');
insert into User (Id, Name, DateOfBirth, Email, Username, Password) values (142, 'Kriste', '1913-08-07', 'kszreter3x@uol.com.br', 'kchick3x', 'dhH7IJbgj');
insert into User (Id, Name, DateOfBirth, Email, Username, Password) values (143, 'Rudie', '1947-02-09', 'rambler3y@qq.com', 'rrattrie3y', '0F9Rg0');
insert into User (Id, Name, DateOfBirth, Email, Username, Password) values (144, 'Pauly', '1997-12-13', 'pmarcombe3z@timesonline.co.uk', 'pskirvane3z', '9CBoFasC');
insert into User (Id, Name, DateOfBirth, Email, Username, Password) values (145, 'Aliza', '1982-03-24', 'atunny40@blogger.com', 'acolliar40', 'CXnL2V9QTsN');
insert into User (Id, Name, DateOfBirth, Email, Username, Password) values (146, 'Kurt', '1979-12-21', 'knuscha41@smugmug.com', 'khollier41', 'vnkGGtgk');
insert into User (Id, Name, DateOfBirth, Email, Username, Password) values (147, 'Ninnette', '1978-01-19', 'ncastleman42@xing.com', 'nsetterfield42', 'i5dk5hs1RY');
insert into User (Id, Name, DateOfBirth, Email, Username, Password) values (148, 'Caria', '1972-07-08', 'clamps43@engadget.com', 'cfogel43', 'VGrn9s');
insert into User (Id, Name, DateOfBirth, Email, Username, Password) values (149, 'Veradis', '1997-04-23', 'vellaman44@timesonline.co.uk', 'vreeders44', 'jOQVykasNfk');
insert into User (Id, Name, DateOfBirth, Email, Username, Password) values (150, 'Modesty', '1977-10-29', 'mgammon45@facebook.com', 'mgebbe45', 'Dpo6RQEaivI');


insert into Country (id, Name, ISO) values (1, 'Indonesia', 'ID');
insert into Country (id, Name, ISO) values (2, 'Czech Republic', 'CZ');
insert into Country (id, Name, ISO) values (3, 'China', 'CN');
insert into Country (id, Name, ISO) values (4, 'Australia', 'AU');
insert into Country (id, Name, ISO) values (5, 'Russia', 'RU');
insert into Country (id, Name, ISO) values (6, 'Canada', 'CA');
insert into Country (id, Name, ISO) values (7, 'South Korea', 'KR');
insert into Country (id, Name, ISO) values (8, 'Ukraine', 'UA');
insert into Country (id, Name, ISO) values (9, 'Chile', 'CL');
insert into Country (id, Name, ISO) values (10, 'Greece', 'GR');
insert into Country (id, Name, ISO) values (11, 'Vietnam', 'VN');
insert into Country (id, Name, ISO) values (12, 'Italy', 'IT');
insert into Country (id, Name, ISO) values (13, 'Argentina', 'AR');
insert into Country (id, Name, ISO) values (14, 'Bolivia', 'BO');
insert into Country (id, Name, ISO) values (15, 'Portugal', 'PT');
insert into Country (id, Name, ISO) values (16, 'Poland', 'PL');
insert into Country (id, Name, ISO) values (17, 'Belarus', 'BY');



insert into City (Id, City, CountryId) values (1, 'Laban', 1);
insert into City (Id, City, CountryId) values (2, 'Jepat Kidul', 1);
insert into City (Id, City, CountryId) values (3, 'Kuala Bintang', 1);
insert into City (Id, City, CountryId) values (4, 'Pomahan', 1);
insert into City (Id, City, CountryId) values (5, 'Karangtengah', 1);
insert into City (Id, City, CountryId) values (6, 'Veřovice',  2);
insert into City (Id, City, CountryId) values (7, 'Těšetice',  2);
insert into City (Id, City, CountryId) values (8, 'Mnichovo Hradiště',  2);
insert into City (Id, City, CountryId) values (9, 'Štoky',  2);
insert into City (Id, City, CountryId) values (10, 'Orlová',  2);
insert into City (Id, City, CountryId) values (11, 'Longbo', 3);
insert into City (Id, City, CountryId) values (12, 'Longgang', 3);
insert into City (Id, City, CountryId) values (13, 'Bajing', 3);
insert into City (Id, City, CountryId) values (14, 'Bangxi', 3);
insert into City (Id, City, CountryId) values (15, 'Huizhou', 3);
insert into City (Id, City, CountryId) values (16, 'Northern Suburbs Mc', 4);
insert into City (Id, City, CountryId) values (17, 'Eastern Suburbs Mc', 4);
insert into City (Id, City, CountryId) values (18, 'Sydney South', 4);
insert into City (Id, City, CountryId) values (19, 'Sydney', 4);
insert into City (Id, City, CountryId) values (20, 'Eastern Suburbs Mc', 4);
